BRC names,BRC number,Type,Sym
Abies alba,9202395,t,em
Abies grandis,9202396,t,em
Abies procera,9202397,t,em
Abies sp.,9204658,t,am
Acacia melanoxylon,9205415,t,am
Acacia retinodes,9205416,t,am
Acaena anserinifolia,9202528,h,
Acaena novae-zelandiae,9202527,h,
Acanthus mollis,9202,h,
Acer campestre,9203,t,am
Acer platanoides,9204,t,am
Acer pseudoplatanus,9205,t,am
Acer seedling/sp,9204661,t,em
Acer sp.,200001601,t,am
Aceras anthropophorum,9206,o,
Achillea millefolium,9207,h,
Achillea ptarmica,9209,h,
Aconitum napellus,92014,h,
Acorus calamus,92015,h,
Actaea spicata,92016,h,
Adiantum capillus-veneris,91017,h,
Adonis annua,92018,h,
Adoxa moschatellina,92019,h,
Aegopodium podagraria,92020,h,
Aesculus hippocastanum,9202241,t,am
Aethusa cynapium,92021,h,
Agapanthus praecox,9205417,h,
Agrimonia eupatoria,92022,h,
Agrimonia procera,92023,h,
Agrostemma githago,92034,h,
Agrostis canina sens.lat.,92035,h,
Agrostis canina sens.str.,92035.2,h,
Agrostis capillaris,92040,h,
Agrostis curtisii,92038,h,
Agrostis gigantea,92036,h,
Agrostis sp.,9204579,h,
Agrostis stolonifera,92039,h,
Agrostis stolonifera x Polypogon monspeliensis (x Agropogon littoralis),92025,h,
Agrostis vinealis,92035.1,h,
Ailanthus altissima,9204411,h,
Aira caryophyllea,92041,h,
Aira praecox,92042,h,
Aira sp.,9204676,h,
Ajuga chamaepitys,92043,h,
Ajuga pyramidalis,92045,h,
Ajuga reptans,92046,h,
Alcea rosea,92088,h,
Alchemilla acutiloba,92047,h,
Alchemilla alpina,92048,h,
Alchemilla conjuncta,92049,h,
Alchemilla filicaulis,9204480,h,
Alchemilla filicaulis subsp.filicaulis,92050,h,
Alchemilla glabra,92051,h,
Alchemilla glaucescens,92054,h,
Alchemilla glomerulans,92052,h,
Alchemilla gracilis,9202552,h,
Alchemilla minima,92053,h,
Alchemilla mollis,9202255,h,
Alchemilla monticola,92055,h,
Alchemilla sp.,9204679,h,
Alchemilla subcrenata,92056,h,
Alchemilla tytthantha,9202275,h,
Alchemilla vulgaris agg.,92058,h,
Alchemilla wichurae,92059,h,
Alchemilla xanthochlora,92060,h,
Algae,200001623,h,
Alisma gramineum,92061,h,
Alisma lanceolatum,92062,h,
Alisma plantago-aquatica,92063,h,
Alliaria petiolata,92064,h,
Allium ampeloprasum,9208283,h,
Allium ampeloprasum babingtonii,92066,h,
Allium ampeloprasum ssp ampeloprasum,92065,h,
Allium carinatum,92067,h,
Allium cepa,9209184,h,
Allium oleraceum,92068,h,
Allium paradoxum,92069,h,
Allium roseum,92070,h,
Allium schoenoprasum,92072,h,
Allium scorodoprasum,92071,h,
Allium sp.,200001675,h,
Allium sphaerocephalon,92073,h,
Allium triquetrum,92074,h,
Allium ursinum,92075,h,
Allium vineale,92076,h,
Alnus glutinosa,92077,t,amem
Alnus incana,92078,t,amem
Alnus sp.,200001602,t,amem
Alopecurus aequalis,92079,h,
Alopecurus borealis,92080,h,
Alopecurus bulbosus,92081,h,
Alopecurus geniculatus,92082,h,
Alopecurus myosuroides,92084,h,
Alopecurus pratensis,92085,h,
Alopecurus sp.,9204682,h,
Althaea officinalis,92087,h,
Amaranthus albus,92090,h,
Amaranthus blitoides,9204421,h,
Amaranthus retroflexus,92092,h,
Amaranthus sp.,200001604,h,
Amelanchier lamarckii,92094,s,
Ammophila arenaria,92097,h,
Ammophila arenaria x Calamagrostis epigejos (x Calammophila baltica),92096,h,
Amsinckia lycopsoides,9204337,h,
Amsinckia micrantha,9202616,h,
Amsinckia sp.,200001605,h,
Anacamptis pyramidalis,92098,h,
Anagallis arvensis,92099,h,
Anagallis arvensis subsp.caerulea,92099.2,h,
Anagallis minima,920456,h,
Anagallis sp.,200001580,h,
Anagallis tenella,920100,h,
Anaphalis margaritacea,920101,h,
Anchusa arvensis,9201218,h,
Andromeda polifolia,920103,h,
Anemone nemorosa,920105,h,
Angelica archangelica,920108,h,
Angelica sylvestris,920109,h,
Anisantha diandra,920110,h,
Anisantha madritensis,920111,h,
Anisantha rigida,920112,h,
Anisantha sterilis,920113,h,
Anisantha tectorum,920114,h,
Anogramma leptophylla,910115,h,
Antennaria dioica,920116,h,
Anthemis arvensis,920117,h,
Anthemis cotula,920118,h,
Anthemis sp.,9204698,h,
Anthemis tinctoria,920120,h,
Anthoxanthum aristatum,920122,h,
Anthoxanthum odoratum,920121,h,
Anthriscus caucalis,920123,h,
Anthriscus cerefolium,920124,h,
Anthriscus sylvestris,920125,h,
Anthyllis vulneraria,920126,h,
Antirrhinum majus,920127,h,
Apera interrupta,920129,h,
Apera sp.,9204703,h,
Apera spica-venti,920130,h,
Aphanes arvensis agg.,920131,h,
Aphanes arvensis sens.str.,920132,h,
Aphanes inexspectata,920133,h,
Aphanes spp.,9204704,h,
Apium graveolens,920134,h,
Apium inundatum,920135,h,
Apium nodiflorum,920137,h,
Apium repens,920138,h,
Aponogeton distachyos,920139,h,
Aquilegia vulgaris,920141,h,
Arabidopsis thaliana,920142,h,n
Arabis alpina,920143,h,
Arabis glabra,9202108,h,
Arabis hirsuta,920146,h,
Arabis petraea,920332,h,n
Arabis scabra,920147,h,
Arabis turrita,920148,h,
Arbutus unedo,920149,t,er
Arctium agg.,920150,h,
Arctium lappa,920151,h,
Arctium minus,9202405,h,
Arctium minus subsp.nemorosum,920153,h,
Arctium minus subsp.pubens,920154,h,
Arctium tomentosum,9202252,h,
Arctostaphylos alpinus,920156,s,er
Arctostaphylos sp.,200001678,s,er
Arctostaphylos uva-ursi,920155,s,er
Aremonia agrimonioides,92024,h,
Arenaria balearica,920157,h,
Arenaria ciliata,920158,h,
Arenaria norvegica subsp.norvegica,920160,h,
Arenaria serpyllifolia,920162,h,
Arenaria serpyllifolia subsp.leptoclados,920163,h,
Arenaria sp.,9204522,h,
Aristolochia clematitis,920164,h,
Armeria arenaria,920165,h,
Armeria maritima,920166,h,
Armeria pseudarmeria,9205418,h,
Armoracia rusticana,920167,h,n
Arnoseris minima,920168,h,
Arrhenatherum elatius,920169,h,
Artemisia absinthium,920170,h,
Artemisia campestris,920171,h,
Artemisia norvegica,9202264,h,
Artemisia sp.,9204721,h,
Artemisia stelleriana,920173,h,
Artemisia verlotiorum,920174,h,
Artemisia vulgaris,920175,h,
Arum italicum,920177,h,
Arum maculatum,920176,h,
Asarum europaeum,920178,h,
Asparagus officinalis,920179,h,
Asparagus officinalis subsp.officinalis,920179.1,h,
Asparagus officinalis subsp.prostratus,920179.2,h,
Asperugo procumbens,920180,h,
Asperula cynanchica,9205472,h,
Asperula cynanchica subsp.occidentalis,9202634,h,
Asplenium adiantum-nigrum,910185.1,f,n
Asplenium marinum,910189,f,n
Asplenium obovatum,910191,f,n
Asplenium onopteris,910185.2,f,n
Asplenium ruta-muraria,910192,f,n
Asplenium septentrionale,910193,f,n
Asplenium sp.,9104623,f,
Asplenium trichomanes,910194,f,n
Asplenium trichomanes-ramosum,910195,f,n
Aster agg.,920201,h,
Aster laevis,920196,h,
Aster laevis x novi-belgii (A. x versicolor),920205,h,
Aster lanceolatus,920197,h,
Aster lanceolatus x novi-belgii (A. x salignus),920203,h,
Aster linosyris,9201166,h,
Aster novae-angliae,920200,h,
Aster novi-belgii,9204494,h,
Aster puniceus,920202,h,
Aster schreberi,920199,h,
Aster tripolium,920204,h,
Aster tripolium var. discoideus,920204.1,h,
Astragalus alpinus,920206,h,
Astragalus danicus,920207,h,
Astragalus glycyphyllos,920208,h,
Astrantia major,920209,h,
Athyrium distentifolium,910210,f,n
Athyrium filix-femina,910211,f,n
Athyrium flexile,910210.1,f,n
Athyrium sp.,200001606,h,
Atriplex glabriuscula,920212,h,
Atriplex hortensis,920215,h,
Atriplex laciniata,920216,h,
Atriplex littoralis,920217,h,
Atriplex longipes,9202286,h,
Atriplex patula,920218,h,
Atriplex pedunculata,920949,h,
Atriplex portulacoides,920950,h,
Atriplex praecox,9202287,h,
Atriplex prostrata agg.,9203311,h,
Atriplex sp.,9204582,h,
Atropa belladonna,920219,h,
Aubrieta deltoidea,9202622,h,
Avena fatua,920220,h,
Avena sativa,9202988,h,
Avena sp.,9204734,h,
Avena sterilis ludoviciana,920221,h,
Avena strigosa,920222,h,
Avenula sp.,200001608,h,
Azalea spp.,200001691,s,er
Azolla filiculoides,910223,f,n
Baldellia ranunculoides,920224,h,
Ballota nigra,920225,h,
Barbarea intermedia,920226,h,n
Barbarea stricta,920227,h,n
Barbarea verna,920228,h,n
Barbarea vulgaris,920229,h,n
Bartsia alpina,920230,h,
Beet (cultivated),920235.2,h,
Bellis perennis,920231,h,
Berberis sp.,9204741,s,am
Berberis vulgaris,920232,h,
Berteroa incana,920233,h,
Berula erecta,920234,h,
Beta spp.,9204744,t,em
Beta vulgaris,920235,h,
Beta vulgaris subsp.maritima,920235.1,h,
Betula nana,920238,t,em
Betula pendula,920239,t,em
Betula pubescens,920240,t,em
Betula pubescens subsp.tortuosa,920240.1,t,em
Betula seedling/sp,9204445,t,em
Bidens cernua,920241,h,
Bidens frondosa,9202652,h,
Bidens sp.,9204745,h,
Bidens tripartita,920242,h,
Blackstonia perfoliata,920243,h,
Blechnum spicant,910244,f,n
Blysmus compressus,920245,h,
Blysmus rufus,920246,h,
Bolboschoenus maritimus,9201860,h,
Borago officinalis,920247,h,
Botrychium lunaria,910248,f,n
Brachypodium pinnatum,920249,h,
Brachypodium sp.,200001609,h,
Brachypodium sylvaticum,920250,h,
Brassica fruticulosa,9207841,h,
Brassica napus,920251,h,
Brassica nigra,920252,h,
Brassica oleracea (cultivated),920253,h,
Brassica rapa,920254,h,
Brassica sp.,9204750,h,n
Briza maxima,920255,h,
Briza media,920256,h,
Briza minor,920257,h,
Bromopsis benekenii,920259,h,
Bromopsis erecta,920263,h,
Bromopsis inermis,920265,h,
Bromopsis ramosa,920272,h,
Bromus arvensis,920258,h,
Bromus commutatus,920262,h,
Bromus hordeaceus,920269,h,
Bromus hordeaceus subsp.ferronii,920264,h,
Bromus hordeaceus subsp.thominei,920275,h,
Bromus interruptus,920266,h,
Bromus lepidus,920268,h,
Bromus pseudosecalinus,9202382,h,
Bromus racemosus,920271,h,
Bromus secalinus,920273,h,
Bromus sp.,9204752,h,
Bryonia dioica,920276,h,
Buddleja davidii,920277,s,am
Bunias erucago,920280,h,
Bunias orientalis,920281,h,
Bunium bulbocastanum,920282,h,
Bupleurum baldense,920285,h,
Bupleurum falcatum,920283,h,
Bupleurum fruticosum,920284,h,
Bupleurum rotundifolium,920286,h,
Bupleurum subovatum,9204423,h,
Bupleurum tenuissimum,920287,h,
Butomus umbellatus,920288,h,
Buxus sempervirens,920289,h,am
Cakile maritima,920291,h,n
Calamagrostis canescens,920292,h,
Calamagrostis epigejos,920293,h,
Calamagrostis purpurea,9202646,h,
Calamagrostis scotica,920295,h,
Calamagrostis sp.,200001610,h,
Calamagrostis stricta,920294,h,
Calamintha sp.,9204811,h,
Calendula officinalis,920300,h,
Calla palustris,920301,h,
Callitriche brutia,920303.2,h,
Callitriche hamulata sens.lat.,920303,h,
Callitriche hamulata sens.str.,920303.1,h,
Callitriche hermaphroditica,920302,h,
Callitriche obtusangula,920304,h,
Callitriche platycarpa,920307.1,h,
Callitriche seedling/sp,9202249,h,
Callitriche stagnalis sens.lat.,920307,h,
Callitriche truncata,920308,h,
Calluna vulgaris,920309,s,er
Caltha palustris,920310,h,
Caltha palustris ssp.minor,920310.1,h,
Calystegia pulchra,9202266,h,
Calystegia sepium,920311,h,
Calystegia silvatica,920313,h,
Calystegia soldanella,920312,h,
Calystegia sp.,200001581,h,
Camelina macrocarpa,9205421,h,
Camelina microcarpa,9202567,h,
Camelina sativa,9204352,h,
Campanula glomerata,920315,h,
Campanula latifolia,920316,h,
Campanula medium,920317,h,
Campanula patula,920318,h,
Campanula persicifolia,920319,h,
Campanula rapunculoides,920320,h,
Campanula rapunculus,920321,h,
Campanula rotundifolia,920322,h,
Campanula sp.,9204768,h,
Campanula trachelium,920323,h,
Campylopus pyriformis/flexuosa,20000492,h,
Capsella bursa-pastoris,920325,h,n
Capsella rubella,920326,h,n
Cardamine amara,920327,h,n
Cardamine bulbifera,920625,h,n
Cardamine flexuosa,920328,h,n
Cardamine hirsuta,920329,h,n
Cardamine hirsuta/flexuosa,2000070,h,
Cardamine impatiens,920330,h,n
Cardamine sp.,9204771,h,
Carduus crispus,920335,h,
Carduus nutans,920337,h,
Carduus sp.,9204774,h,
Carduus tenuiflorus,920339,h,
Carex acuta,920340,h,
Carex acutiformis,920341,h,
Carex appropinquata,920342,h,
Carex aquatilis,920343,h,
Carex arenaria,920344,h,
Carex atrata,920345,h,
Carex atrofusca,920346,h,
Carex bigelowii,920349,h,
Carex binervis,920350,h,
Carex buxbaumii,920352,h,
Carex capillaris,920353,h,
Carex caryophylla/pilulifera,200001536,h,
Carex caryophyllea,920355,h,
Carex chordorrhiza,920356,h,
Carex curta,920359,h,
Carex davalliana,920360,h,
Carex depauperata,920362,h,
Carex diandra,920363,h,
Carex digitata,920364,h,
Carex dioica,920365,h,
Carex distans,920366,h,
Carex disticha,920367,h,
Carex divisa,920368,h,
Carex divulsa,9204520,h,
Carex divulsa subsp.leersii,920406,h,
Carex echinata,920370,h,
Carex elata,920371,h,
Carex elongata,920372,h,
Carex ericetorum,920373,h,
Carex extensa,920374,h,
Carex filiformis,920375,h,
Carex flacca,920376,h,
Carex flava agg.,920377,h,
Carex flava sens.str.,920378,h,
Carex hirta,920381,h,
Carex hostiana,920382,h,
Carex hostiana x viridula (C. x fulva),9202609,h,
Carex humilis,920383,h,
Carex lachenalii,920384,h,
Carex laevigata,920385,h,
Carex lasiocarpa,920386,h,
Carex lepidocarpa ssp. scottica,920387.2,h,
Carex limosa,920388,h,
Carex magellanica,920403,h,
Carex maritima,920389,h,
Carex microglochin,920390,h,
Carex montana,920391,h,
Carex muricata,920398,h,
Carex nigra,920393,h,
Carex norvegica,920394,h,
Carex ornithopoda,920395,h,
Carex otrubae,920396,h,
Carex ovalis,920397,h,
Carex pallescens,920399,h,
Carex panicea,920400,h,
Carex paniculata,920401,h,
Carex pauciflora,920402,h,
Carex pendula,920404,h,
Carex pilulifera,920405,h,
Carex pseudocyperus,920407,h,
Carex pulicaris,920408,h,
Carex pulicaris/serotina,2000087,h,
Carex punctata,920409,h,
Carex rariflora,920410,h,
Carex recta,920411,h,
Carex remota,920412,h,
Carex riparia,920413,h,
Carex rostrata,920414,h,
Carex rupestris,920415,h,
Carex saxatilis,920417,h,
Carex seedling/sp,9204583,h,
Carex spicata,920357,h,
Carex strigosa,920420,h,
Carex sylvatica,920421,h,
Carex trinervis,920422,h,
Carex vaginata,920423,h,
Carex vesicaria,920424,h,
Carex viridula,9207117,h,
Carex viridula subsp.brachyrrhyncha,920387,h,
Carex viridula subsp.oedocarpa,920361,h,
Carex viridula subsp.viridula,9207118,h,
Carex vulpina,920425,h,
Carex vulpinoidea,920426,h,
Carex x grahamii (C. saxatilis x vesicaria),920380,h,
Carlina vulgaris,920427,h,
Carpinus betulus,920428,t,em
Carpobrotus edulis,920429,h,
Carum carvi,920430,h,
Carum verticillatum,920431,h,
Castanea sativa,920432,t,em
Catabrosa aquatica,920433,h,
Catapodium marinum,920434,h,
Catapodium rigidum,920435,h,
Catapodium sp.,200001591,h,
Cedrus sp.,200001611,h,
Centaurea aspera,920438,h,
Centaurea calcitrapa,920439,h,
Centaurea cyanus,920440,h,
Centaurea debeauxii,920444.1,h,
Centaurea jacea,920441,h,
Centaurea nigra,920444,h,
Centaurea scabiosa,920446,h,
Centaurea solstitialis,920447,h,
Centaurea sp.,9204785,h,
Centaurium erythraea,9205486,h,
Centaurium erythraea capitatum,920448,h,
Centaurium latifolium,920449,h,
Centaurium littorale,920450,h,
Centaurium pulchellum,920453,h,
Centaurium scilloides,920452,h,
Centaurium sp.,200001685,h,
Centaurium tenuiflorum,920454,h,
Centranthus ruber,920455,h,
Cephalanthera damasonium,920457,h,
Cephalanthera longifolia,920458,h,
Cephalanthera rubra,920459,h,
Cerastium alpinum,920460,h,
Cerastium alpinum x fontanum (C. x symei),9202693,h,
Cerastium arcticum,920465,h,
Cerastium arvense,920461,h,
Cerastium brachypetalum,920463,h,
Cerastium cerastoides,920464,h,
Cerastium diffusum,920462,h,
Cerastium fontanum,920467,h,
Cerastium glomeratum,920466,h,
Cerastium nigrescens,920465.1,h,
Cerastium pumilum,920468,h,
Cerastium semidecandrum,920469,h,
Cerastium sp.,9204524,h,
Cerastium tomentosum,920470,h,
Ceratocapnos claviculata,920555,h,
Ceratochloa carinata,920260,h,
Ceratodon sp,200001046,h,
Ceratophyllum demersum,920471,h,
Ceratophyllum submersum,920472,h,
Ceterach officinarum,910473,f,n
Chaenorhinum minus,920474,h,
Chaerophyllum aureum,920475,h,
Chaerophyllum temulum,920476,h,
Chamaecyparis lawsoniana,9202398,t,am
Chamaecyparis sp.,200001612,h,
Chamaemelum nobile,920119,h,
Chamerion angustifolium,920477,h,
Chelidonium majus,920480,h,
Chenopodium album agg.,920481,h,
Chenopodium album/polyspermum,200001582,h,
Chenopodium bonus-henricus,920484,h,
Chenopodium capitatum,920486,h,
Chenopodium chenopodioides,920485,h,
Chenopodium ficifolium,920487,h,
Chenopodium glaucum,920488,h,
Chenopodium hybridum,920490,h,
Chenopodium murale,920491,h,
Chenopodium opulifolium,920492,h,
Chenopodium polyspermum,920493,h,
Chenopodium rubrum,920496,h,
Chenopodium sp.,9204525,h,
Chenopodium suecicum,920497,h,
Chenopodium urbicum,920498,h,
Chenopodium vulvaria,920500,h,
Chrysanthemum segetum,920504,h,
Chrysanthemum sp.,9204800,h,
Chrysosplenium alternifolium,920505,h,
Chrysosplenium oppositifolium,920506,h,
Cicendia filiformis,920507,h,
Cicerbita alpina,920508,h,
Cicerbita macrophylla,9202381,h,
Cicerbita plumieri,9204519,h,
Cichorium intybus,920509,h,
Cicuta virosa,920510,h,
Circaea alpina,920511,h,
Circaea alpina x lutetiana (C. x intermedia),920512,h,
Circaea lutetiana,920513,h,
Circaea sp.,200001613,h,
Cirriphyllum sp,200001165,h,
Cirsium acaule,920514,h,
Cirsium arvense,920515,h,
Cirsium dissectum,920516,h,
Cirsium eriophorum,920517,h,
Cirsium heterophyllum,920518,h,
Cirsium oleraceum,920519,h,
Cirsium palustre,920520,h,
Cirsium sp.,9204807,h,
Cirsium tuberosum,920521,h,
Cirsium vulgare,920522,h,
Cladium mariscus,920523,h,
Cladonia pyxidata/coccifera,20000106,h,
Claytonia perfoliata,920525,h,
Claytonia sibirica,920524,h,
Clematis vitalba,920528,h,
Clinopodium acinos,92012,h,
Clinopodium ascendens,920296,h,
Clinopodium calamintha,920298,h,
Clinopodium menthifolium,920297,h,
Clinopodium vulgare,920530,h,
Cochlearia anglica,920532,h,
Cochlearia danica,920533,h,
Cochlearia micacea,920534,h,
Cochlearia officinalis sens.lat.,9202547,h,
Cochlearia officinalis subsp.scotica,920536,h,
Cochlearia pyrenaica,9205422,h,
Cochlearia seedling/sp,9204812,h,
Coeloglossum viride,920537,h,
Coincya monensis,9205396,h,
Coincya monensis subsp.recurvata,9201688,h,
Coincya wrightii,9201690,h,
Colchicum autumnale,920538,h,
Colutea arborescens,920539,h,
Conium maculatum,920540,h,
Conopodium majus,920541,h,
Conringia orientalis,920542,h,
Consolida ajacis,920622,h,
Consolida orientalis,920624,h,
Convallaria majalis,920543,h,
Convolvulus arvensis,920544,h,
Convolvulus sp.,200001687,h,
Conyza canadensis,920735,h,
Corallorhiza trifida,920545,h,
Cornus alba,920547,s,am
Cornus mas,9205423,s,am
Cornus sanguinea,920548,s,am
Cornus sericea,920549,s,am
Cornus sp.,9204826,s,am
Cornus suecica,920478,s,am
Coronopus didymus,920551,h,
Coronopus sp.,9204828,h,
Coronopus squamatus,920552,h,
Corrigiola litoralis,920553,h,
Cortaderia selloana,9204392,h,
Corydalis cava,9204403,h,
Corydalis solida,920554,h,
Corydalis sp.,9204831,h,
Corylus avellana,920557,t,em
Corylus maxima,9205424,t,em
Corynephorus canescens,920558,,
Cotoneaster horizontalis sens.str.,920560,s,am
Cotoneaster integerrimus,920561,s,am
Cotoneaster integrifolius,920562,s,am
Cotoneaster simonsii,920563,s,am
Cotoneaster sp.,9204526,s,am
Cotula coronopifolia,920564,h,
Crambe maritima,920565,h,n
Crassula aquatica,920566,h,
Crassula helmsii,9202423,h,
Crassula tillaea,920567,h,
Crataegus laevigata,920570,t,am
Crataegus laevigata x monogyna (C. x macrocarpa),920568,t,am
Crataegus monogyna,920569,t,am
Crataegus sp.,9204837,t,am
Crepis biennis,920571,h,
Crepis capillaris,920572,h,
Crepis foetida,920573,h,
Crepis mollis,920574,h,
Crepis nicaeensis,920575,h,
Crepis paludosa,920576,h,
Crepis praemorsa,9204518,h,
Crepis sp.,9204527,h,
Crepis vesicaria,920578,h,
Crithmum maritimum,920579,h,
Crocosmia sp.,200001614,h,
Crocosmia x crocosmiiflora (C. aurea x pottsii),920580,h,
Crocus nudiflorus,920584,h,
Crocus tommasinianus,9205425,h,
Crocus vernus,920582,h,
Cruciata laevipes,920875,h,
Cryptogramma crispa,910586,f,n
Cryptomeria japonica,9202411,t,am
Cucubalus baccifer,920587,h,
Cultivated carrot,9205475,h,
Cultivated flowers,200001173,h,
Cupressus macrocarpa,9202408,t,am
Cupressus sp.,9204842,t,am
Cuscuta campestris,9204427,h,
Cuscuta epilinum,920588,h,
Cuscuta epithymum,920589,h,
Cuscuta europaea,920590,h,
Cyclamen hederifolium,920591,h,
Cymbalaria muralis,920592,h,
Cymbalaria pallida,920593,h,
Cynodon dactylon,920594,h,
Cynoglossum germanicum,920595,h,
Cynoglossum officinale,920596,h,
Cynosurus cristatus,920597,h,
Cynosurus echinatus,920598,h,
Cyperus fuscus,920599,h,
Cyperus longus,920600,h,
Cypripedium calceolus,920601,h,
Cystopteris dickieana,910602,f,n
Cystopteris fragilis,910603,f,n
Cystopteris montana,910604,f,n
Cytisus scoparius,9201822,h,
Cytisus scoparius subsp.maritimus,9201822.1,h,
Daboecia cantabrica,920605,s,er
Dactylis glomerata,920607,h,
Dactylorhiza fuchsii,920608,h,
Dactylorhiza fuchsii x purpurella (D. x venusta),9202863,h,
Dactylorhiza incarnata,920609,h,
Dactylorhiza lapponica,9202964,h,
Dactylorhiza maculata,920610,h,
Dactylorhiza majalis,920611,h,
Dactylorhiza majalis praetermissa,920612,h,
Dactylorhiza majalis x purpurella,9202877,h,
Dactylorhiza purpurella,920613,h,
Dactylorhiza sp.,9204528,h,
Dactylorhiza traunsteineri,920614,h,
Damasonium alisma,920615,h,
Danthonia decumbens,9201915,h,
Daphne laureola,920617,s,am
Daphne mezereum,920618,s,am
Datura stramonium,920619,h,
Daucus carota,9205474,h,
Daucus carota subsp.carota,920620,h,
Daucus sp.,200001615,h,
Delairea odorata,9204362,h,
Delphinium sp.,9204819,h,
Deschampsia cespitosa,920627,h,
Deschampsia cespitosa alpina,920626,h,
Deschampsia flexuosa,920628,h,
Deschampsia setacea,920629,h,
Descurainia sophia,920630,h,
Dianthus armeria,920631,h,
Dianthus barbatus,920632,h,
Dianthus deltoides,920635,h,
Dianthus gratianopolitanus,920637,h,
Diapensia lapponica,920639,h,
Dichondra micrantha,9205426,h,
Digitalis purpurea,920640,h,
Digitaria ischaemum,920641,h,
Digitaria sanguinalis,920642,h,
Diphasiastrum alpinum,9101213,h,
Diphasiastrum complanatum,9102277,f,
Diplotaxis muralis,920644,h,
Diplotaxis sp.,9204868,h,
Diplotaxis tenuifolia,920645,h,
Dipsacus fullonum,920646.1,h,
Dipsacus pilosus,920647,h,
Dipsacus sativus,920646.2,h,
Dipsacus strigosus,9202635,h,
Doronicum pardalianches,920648,h,
Doronicum plantagineum,920649,h,
Doronicum spp.,9204872,h,
Draba aizoides,920650,h,
Draba incana,920651,h,
Draba muralis,920652,h,
Draba norvegica,920653,h,
Draba sp.,9204873,h,n
Drosera intermedia,920655,h,
Drosera longifolia,920654,h,
Drosera longifolia x rotundifolia (D. x obovata),920656,h,
Drosera rotundifolia,920657,h,
Drosera sp.,9204875,h,
Dryas octopetala,920658,h,
Dryopteris aemula,910660,f,n
Dryopteris affinis,910662,f,n
Dryopteris affinis x filix-mas (D. x complexa),9102588,f,
Dryopteris carthusiana,910666,f,n
Dryopteris carthusiana x dilatata (D. x deweveri),9102584,f,
Dryopteris cristata,910663,f,n
Dryopteris dilatata,910661,f,n
Dryopteris dilatata/carthusiana,200001583,h,
Dryopteris expansa,9102274,f,
Dryopteris filix-mas,910665,f,n
Dryopteris oreades,910659,f,n
Dryopteris remota,9102499,f,
Dryopteris sp.,9104634,f,
Dryopteris submontana,910667,f,n
Ecballium elaterium,9205428,h,
Echinochloa crusgalli,920668,h,
Echium plantagineum,920669,h,
Echium vulgare,920670,h,
Egeria densa,9202551,h,
Elatine hexandra,920671,h,
Elatine hydropiper,920672,h,
Elatine sp.,200001616,h,
Eleocharis acicularis,920673,h,
Eleocharis austriaca,9202267,h,
Eleocharis multicaulis,920674,h,
Eleocharis palustris,920675,h,
Eleocharis parvula,920676,h,
Eleocharis quinqueflora,920677,h,
Eleocharis spp.,9204529,h,
Eleocharis uniglumis,920678,h,
Eleogiton fluitans,920679,h,
Elodea callitrichoides,920680,h,
Elodea canadensis,920681,h,
Elodea nuttallii,920997,h,
Elodea sp.,9204619,h,
Elymus caninus,9207006,h,
Elymus sp.,9204884,h,
Elytrigia atherica,92032,h,
Elytrigia atherica x juncea (E. x obtusiuscula),92029,h,
Elytrigia atherica x repens (E. x oliveri),9202908,h,
Elytrigia juncea,92028,h,
Elytrigia repens,92033,h,
Empetrum nigrum,920684,h,
Empetrum nigrum subsp.hermaphroditum,920683,h,
Empetrum nigrum subsp.nigrum,920685,h,
Epilobium alsinifolium,920690,h,
Epilobium anagallidifolium,920691,h,
Epilobium brunnescens,920699,h,
Epilobium ciliatum,920688,h,
Epilobium ciliatum x tetragonum,9202783,h,
Epilobium hirsutum,920692,h,
Epilobium lanceolatum,920694,h,
Epilobium montanum,920695,h,
Epilobium obscurum,920696,h,
Epilobium palustre,920697,h,
Epilobium parviflorum,920698,h,
Epilobium roseum,920700,h,
Epilobium sp.,9204530,h,
Epilobium tetragon/obscurum,200001439,h,
Epilobium tetragonum,9207292,h,
Epilobium tetragonum tetragonum,920689,h,
Epimedium alpinum,920701,h,
Epipactis atrorubens,920702,h,
Epipactis dunensis,920704,h,
Epipactis helleborine,920705,h,
Epipactis leptochila,9205476,h,
Epipactis palustris,920708,h,
Epipactis phyllanthes,920709,h,
Epipactis purpurata,920710,h,
Epipactis youngiana,9202549,h,
Epipogium aphyllum,920711,h,
Equisetum arvense,910712,f,n
Equisetum arvense x fluviatile (E. x litorale),910715,f,n
Equisetum arvense x palustre (E. x rothmaleri),9102592,f,
Equisetum arvense/palustre,200001491,h,
Equisetum fluviatile,910713,f,n
Equisetum hyemale,910714,f,n
Equisetum hyemale x ramosissimum (E. x moorei),910716,f,n
Equisetum hyemale x variegatum (E. x trachyodon),910722,f,n
Equisetum palustre,910717,f,n
Equisetum pratense,910718,f,n
Equisetum ramosissimum,910719,f,n
Equisetum sp.,9104635,f,
Equisetum sylvaticum,910720,f,n
Equisetum telmateia,910721,f,n
Equisetum variegatum,910723,f,n
Eranthis hyemalis,920724,h,
Erica ciliaris,920725,s,er
Erica cinerea,920726,s,er
Erica erigena,920729,s,er
Erica lusitanica,920727,s,er
Erica mackaiana,920728,s,er
Erica tetralix,920731,s,er
Erica vagans,920732,s,er
Erigeron acer,920733,h,
Erigeron borealis,920734,h,
Erigeron karvinskianus,920736,h,
Erinus alpinus,920738,h,
Eriocaulon aquaticum,920739,h,
Eriophorum angustifolium,920740,h,
Eriophorum gracile,920742,h,
Eriophorum latifolium,920743,h,
Eriophorum sp.,9204896,h,
Eriophorum vaginatum,920744,h,
Erodium cicutarium agg.,920745,h,
Erodium lebelii,920747,h,
Erodium maritimum,920748,h,
Erodium moschatum,920749,h,
Erodium sp.,200001617,h,
Erophila glabrescens,9204343,h,
Erophila majuscula,9204344,h,
Erophila verna praecox,920751,h,
Erophila verna sens.lat.,920753,h,
Erophila verna spathulata,920752,h,
Eruca vesicaria,920755,h,n
Erucastrum gallicum,920756,h,
Erucastrum nasturtiifolium,9204484,h,
Eryngium campestre,920757,h,
Eryngium maritimum,920758,h,
Erysimum cheiranthoides,920759,h,
Erysimum cheiri,920479,h,n
Escallonia macrantha,920760,h,
Eschscholzia californica,920761,h,
Eucalyptus sp.,200001618,h,
Euonymus europaeus,920762,t,am
Eupatorium cannabinum,920763,h,
Euphorbia agg.,20000158,h,
Euphorbia amygdaloides,920764,h,
Euphorbia corallioides,920766,h,
Euphorbia cyparissias,920767,h,
Euphorbia dulcis,920768,h,
Euphorbia esula,920770,h,
Euphorbia exigua,920771,h,
Euphorbia helioscopia,920772,h,
Euphorbia hyberna,920773,h,
Euphorbia lathyris,920774,h,
Euphorbia paralias,920775,h,
Euphorbia peplis,920776,h,
Euphorbia peplus,920777,h,
Euphorbia platyphyllos,920779,h,
Euphorbia portlandica,920780,h,
Euphorbia serrulata,920781,h,
Euphorbia villosa,920778,h,
Euphrasia anglica,920783,h,
Euphrasia arctica,9207310,h,
Euphrasia arctica subsp.borealis,920785,h,
Euphrasia cambrica,920786,h,
Euphrasia campbelliae,920787,h,
Euphrasia confusa,920788,h,
Euphrasia foulaensis,920791,h,
Euphrasia frigida,920792,h,
Euphrasia heslop-harrisonii,920793,h,
Euphrasia marshallii,920795,h,
Euphrasia micrantha,920796,h,
Euphrasia nemorosa,920798,h,
Euphrasia officinalis agg.,9202243,h,
Euphrasia ostenfeldii,920789,h,
Euphrasia pseudokerneri,920801,h,
Euphrasia rhumica,920802,h,
Euphrasia rivularis,920803,h,
Euphrasia rostkoviana,9207351,h,
Euphrasia rostkoviana subsp.montana,920797,h,
Euphrasia rotundifolia,920805,h,
Euphrasia salisburgensis,920806,h,
Euphrasia scottica,920807,h,
Euphrasia stricta,9205429,h,
Euphrasia tetraquetra,920799,h,
Euphrasia vigursii,920800,h,
Exaculum pusillum,920808,h,
Fagopyrum esculentum,920809,h,
Fagus sylvatica,920810,t,em
Falcaria vulgaris,920811,h,
Fallopia baldschuanica,9201524,h,
Fallopia convolvulus,9201527,h,
Fallopia dumetorum,9201529,h,
Fallopia japonica,9201528,h,
Fallopia sachalinensis,9201541,h,
Festuca altissima,920812,h,
Festuca arenaria,920819,h,
Festuca armoricana,9207359,h,
Festuca arundinacea,920813,h,
Festuca filiformis,920822.2,h,
Festuca gigantea,920816,h,
Festuca heterophylla,920818,h,
Festuca huonii,9207361,h,
Festuca lemanii,9205430,h,
Festuca longifolia,920817,h,
Festuca ovina agg.,920821,h,
Festuca ovina/rubra (vegetative),9204916,h,
Festuca pratensis,920823,h,
Festuca pratensis x Lolium multiflorum (x Festulolium braunii),9204469,h,
Festuca pratensis x Lolium perenne (x Festulolium loliaceum),920815,h,
Festuca rubra agg.,920824,h,
Festuca rubra subsp.commutata,920825.2,h,
Festuca sp.,200001182,h,
Festuca vivipara,920826,h,
Filago gallica,920829,h,
Filago lutescens,920827,h,
Filago minima,920831,h,
Filago pyramidata,920832,h,
Filago sp.,9204918,h,
Filago vulgaris,920830,h,
Filipendula sp.,9204919,h,
Filipendula ulmaria,920833,h,
Filipendula vulgaris,920834,h,
Foeniculum vulgare,920835,h,
Fragaria moschata,920837,h,
Fragaria sp.,200001619,h,
Fragaria sp.,200001679,h,
Fragaria vesca,920838,h,
Fragaria x ananassa,920836,h,
Frangula alnus,920839,h,
Frankenia laevis,920840,s,
Fraxinus excelsior (c),920841,t,am
Fritillaria meleagris,920842,h,
Fuchsia magellanica,920844,s,
Fumaria bastardii,920845,h,
Fumaria capreolata,920847,h,
Fumaria densiflora,920849,h,
Fumaria muralis,920850,h,
Fumaria occidentalis,920853,h,
Fumaria officinalis,920854,h,
Fumaria parviflora,920856,h,
Fumaria purpurea,920857,h,
Fumaria reuteri,920848,h,
Fumaria sp.,9204532,h,
Fumaria vaillantii,920858,h,
Gagea bohemica,9202290,h,
Gagea lutea,920859,h,
Galanthus nivalis,920860,h,
Galega officinalis,920861,h,
Galeopsis angustifolia,920863,h,
Galeopsis bifida,920864,h,
Galeopsis segetum,920865,h,
Galeopsis sp.,9204931,h,
Galeopsis speciosa,920867,h,
Galeopsis tetrahit agg.,920868,h,
Galinsoga parviflora,920871,h,
Galinsoga quadriradiata,920870,h,
Galium aparine,920873,h,
Galium boreale,920874,h,
Galium constrictum,920876,h,
Galium fleurotii,9202650,h,
Galium mollugo,920879,h,
Galium mollugo subsp.erectum,920877,h,
Galium mollugo x verum (G. x pomeranicum),920881,h,
Galium odoratum,920183,h,
Galium palustre,920882,h,
Galium palustre subsp.elongatum,920882.1,h,
Galium parisiense,920872,h,
Galium pumilum,920883.1,h,
Galium saxatile,920878,h,
Galium sp.,9204533,h,
Galium spurium,920885,h,
Galium sterneri,920883.2,h,
Galium tricornutum,920886,h,
Galium uliginosum,920887,h,
Galium verum,920888,h,
Gaps (filled),200001620,h,
Gastridium ventricosum,920889,h,
Gaudinia fragilis,9202508,h,
Gaultheria mucronata,9202244,h,
Gaultheria shallon,920890,h,
Genista anglica,920891,h,
Genista pilosa,920892,h,
Genista sp.,200001621,h,
Genista tinctoria,920893,h,
Gentiana nivalis,920894,h,
Gentiana pneumonanthe,920895,h,
Gentiana verna,920896,h,
Gentianella amarella,920897,h,
Gentianella amarella subsp.septentrionalis,920904,h,
Gentianella amarella/anglica,200001592,h,
Gentianella anglica,920899,h,
Gentianella campestris,920901,h,
Gentianella ciliata,9202629,h,
Gentianella germanica,920903,h,
Gentianella sp.,9204534,h,
Gentianella uliginosa,920905,h,
Geranium columbinum,920906,h,
Geranium dissectum,920907,h,
Geranium endressii,920908,h,
Geranium lucidum,920909,h,
Geranium macrorrhizum,920910,h,
Geranium molle,920911,h,
Geranium nodosum,920912,h,
Geranium phaeum,920913,h,
Geranium pratense,920914,h,
Geranium purpureum,920915,h,
Geranium pusillum,920916,h,
Geranium pyrenaicum,920917,h,
Geranium robertianum,920918,h,
Geranium rotundifolium,920919,h,
Geranium sanguineum,920920,h,
Geranium sp.,9204535,h,
Geranium sylvaticum,920921,h,
Geranium versicolor,920922,h,
Geum macrophyllum,9205431,h,
Geum rivale,920924,h,
Geum rivale x urbanum (G. x intermedium),920923,h,
Geum sp.,200001622,h,
Geum sp.,200001680,h,
Geum urbanum,920925,h,
Gladiolus communis,9205470,h,
Gladiolus illyricus,920926,h,
Glaucium corniculatum,920928,h,
Glaucium flavum,920929,h,
Glaux maritima,920930,h,
Glechoma hederacea,920931,h,
Glyceria declinata,920932,h,
Glyceria fluitans,920933,h,
Glyceria fluitans x notata (G. x pedicellata),920935,h,
Glyceria maxima,920934,h,
Glyceria notata,920936,h,
Glyceria seedling/sp,9204943,h,
Gnaphalium luteoalbum,920937,h,
Gnaphalium norvegicum,920938,h,
Gnaphalium sp.,9204944,h,
Gnaphalium supinum,920939,h,
Gnaphalium sylvaticum,920940,h,
Gnaphalium uliginosum,920941,h,
Goodyera repens,920943,h,
Grass sp.,26,h,
Groenlandia densa,920944,h,
Gunnera tinctoria,920945,h,
Gymnadenia conopsea,920948,h,
Gymnocarpium dryopteris,9102050,h,
Gymnocarpium robertianum,9102054,h,
Gymnocarpium sp.,200001681,h,
Hammarbya paludosa,920951,h,
Hebe salicifolia,9204321,h,
Hebe speciosa,9204451,h,
Hedera helix,920952,s,am
Helianthemum apenninum,920953,h,
Helianthemum apenninum x nummularium (H. x sulphureum),9202690,h,
Helianthemum canum,920954,h,
Helianthemum nummularium,920955,h,
Helianthus annuus,920957,h,
Helianthus tuberosus,920960,h,
Helictotrichon pratense,920961,h,
Helictotrichon pubescens,920962,h,
Helleborus foetidus,920963,h,
Helleborus sp.,200004000,h,
Helleborus viridis,920964,h,
Heracleum mantegazzianum,920966,h,
Heracleum sp.,200001624,h,
Heracleum sphondylium,920968,h,
Herminium monorchis,920969,h,
Hermodactylus tuberosus,920970,h,
Herniaria ciliolata,920971,h,
Herniaria glabra,920973,h,
Herniaria hirsuta,920974,h,
Hesperis matronalis,920975,h,n
Hieracium acuminatum (arg),9203205,h,
Hieracium alpinum (alp),9203003,h,
Hieracium anglicum (ala),9203007,h,
Hieracium argenteum (sax),9203012,h,
Hieracium caesiomurorum (cae),9203034,h,
Hieracium caledonicum,9203036,h,
Hieracium calenduliflorum (nig),9203037,h,
Hieracium callistophyllum (roh),9203039,h,
Hieracium carpathicum (car),9203050,h,
Hieracium cillense (ste),9203051,h,
Hieracium dewarii (car),9203066,h,
Hieracium diaphanoides (dia),9203067,h,
Hieracium diaphanum (dia),9203068,h,
Hieracium grandidens (mur),9203092,h,
Hieracium hanburyi (nig),9203097.1,h,
Hieracium holosericeum,9203104,h,
Hieracium hypochoeroides (hyp),9203106,h,
Hieracium 'indeterminate',9202560,h,
Hieracium integratum (mur),9203272,h,
Hieracium iricum (ala),9203108,h,
Hieracium lasiophyllum (sch),9203115,h,
Hieracium latobrigorum (inu),9203116,h,
Hieracium lepidulum (vul),9203117,h,
Hieracium lissolepium (lae),9203124,h,
Hieracium maculatum (mac),9203127,h,
Hieracium oblongum (mur),9203278,h,
Hieracium oistophyllum (fus),9203138,h,
Hieracium orcadense (cae),9203078,h,
Hieracium pellucidum (mur),9203145,h,
Hieracium pilosella group,9205157,h,
Hieracium pollichiae (mac),9203180,h,
Hieracium prenanthoides (pre),9203157,h,
Hieracium proximum (ang),9203159,h,
Hieracium reticulatum (inu),9203175,h,
Hieracium sanguineum (bif),9203183,h,
Hieracium schmidtii (sch),9203187,h,
Hieracium scoticum,9203188,h,
Hieracium scotostictum (gla),9203189,h,
Hieracium senescens,9203192,h,
Hieracium sommerfeltii (som),9203196,h,
Hieracium sparsifolium (lae),9203197,h,
Hieracium speluncorum (amp),9203198,h,
Hieracium submurorum (atr),9203215,h,
Hieracium subramosum (cae),9203219,h,
Hieracium subrude (ono),9203220,h,
Hieracium subumbellatiforme (cro),9203161,h,
Hieracium umbellatum,9203023,h,
Hieracium vagum (sab),9203235,h,
Hieracium vinicaule (tru),9203238,h,
Hieracium virgultorum (sab),9203239,h,
Hieracium vulgatum (vul),9203240,h,
Hieracium zetlandicum (epi),9203241,h,
Hierochloe odorata,920977,h,
Himantoglossum hircinum,920978,h,
Hippocrepis comosa,920979,h,
Hippophae rhamnoides,920980,h,
Hippuris vulgaris,920981,h,
Hirschfeldia incana,920982,h,
Holcus lanatus,920983,h,
Holcus mollis,920984,h,
Holcus sp.,200001625,h,
Holosteum umbellatum,920986,h,
Homogyne alpina,920987,h,
Honckenya peploides,920988,h,
Hordelymus europaeus,920989,h,
Hordeum distichon sens.lat.,9204368,h,
Hordeum marinum,920991,h,
Hordeum murinum,920992,h,
Hordeum secalinum,920993,h,
Hordeum sp.,200001626,h,
Hordeum vulgare sens.str.,9208282,h,
Hornungia petraea,920994,h,
Hottonia palustris,920995,h,
Humulus lupulus,920996,h,
Huperzia selago,9101217,h,
Hyacinthoides hispanica,920686,h,
Hyacinthoides non-scripta,920687,h,
Hydrangea spp.,200001690,h,
Hydrilla verticillata,9202291,h,
Hydrocharis morsus-ranae,920998,h,
Hydrocotyle sp.,200001627,h,
Hydrocotyle vulgaris,920999,h,
Hymenophyllum sp.,200001599,h,
Hymenophyllum tunbrigense,9101000,h,
Hymenophyllum wilsonii,9101001,h,
Hyoscyamus niger,9201002,h,
Hypericum androsaemum,9201003,h,
Hypericum androsaemum x hircinum (H. x inodorum),9201007,h,
Hypericum calycinum,9201004,h,
Hypericum elodes,9201008,h,
Hypericum hircinum,9201009,h,
Hypericum hirsutum,9201010,h,
Hypericum humifusum,9201011,h,
Hypericum linariifolium,9201012,h,
Hypericum maculatum,9201006,h,
Hypericum montanum,9201013,h,
Hypericum perforatum,9201014,h,
Hypericum pulchrum,9201015,h,
Hypericum pulchrum/perforatum,200001579,h,
Hypericum sp.,9204536,h,
Hypericum tetrapterum,9201016,h,
Hypericum undulatum,9201017,h,
Hypochaeris glabra,9201018,h,
Hypochaeris maculata,9201019,h,
Hypochaeris radicata,9201020,h,
Hypochoeris spp.,200001584,h,
Hypochoeris spp./Leontodon spp.,20000223,h,
Iberis amara,9201022,h,
Iberis sp.,200001628,h,n
Iberis umbellata,9202425,h,
Ilex aquifolium,9201023,t,am
Illecebrum verticillatum,9201024,h,
Impatiens capensis,9201025,h,
Impatiens glandulifera,9201026,h,
Impatiens noli-tangere,9201027,h,
Impatiens parviflora,9201028,h,
Impatiens sp.,200001629,h,
Inula conyzae,9201030,h,
Inula crithmoides,9201031,h,
Inula helenium,9201033,h,
Inula salicina,9201034,h,
Iris foetidissima,9201036,h,
Iris germanica,9201037,h,
Iris pseudacorus,9201038,h,
Iris sp.,200001630,h,
Iris spuria,9201039,h,
Iris versicolor,9201040,h,
Isatis tinctoria,9201041,h,n
Isoetes echinospora,9101043,h,
Isoetes histrix,9101044,h,
Isoetes lacustris,9101045,h,
Isolepis cernua,9201046,h,
Isolepis setacea,9201047,h,
Ixia paniculata,9205432,h,
Jasione montana,9201048,h,
Juglans regia,9201049,t,am
Juncus acutiflorus,9201050,h,
Juncus acutus,9201052,h,
Juncus alpinoarticulatus,9201053,h,
Juncus alpinus nodulosus,9201074,h,
Juncus ambiguus,9201057.1,h,
Juncus articulatus,9201054,h,
Juncus articulatus/acutiflora,20000228,h,
Juncus balticus,9201055,h,
Juncus biglumis,9201056,h,
Juncus bufonius sens.lat.,9201057,h,
Juncus bufonius sens.str.,9201057.2,h,
Juncus bufonius/bulbosus,200001478,h,
Juncus bulbosus,9201058,h,
Juncus bulbosus fluitans,9201058.1,h,
Juncus capitatus,9201060,h,
Juncus castaneus,9201061,h,
Juncus compressus,9201062,h,
Juncus conglomeratus,9201063,h,
Juncus effusus,9201067,h,
Juncus effusus x inflexus (J. x diffusus),9201065,h,
Juncus filiformis,9201068,h,
Juncus foliosus,9201057.3,h,
Juncus gerardii,9201069,h,
Juncus hybrids,20000663,h,
Juncus inflexus,9201070,h,
Juncus maritimus,9201072,h,
Juncus pygmaeus,9201073,h,
Juncus sp.,9204586,h,
Juncus squarrosus,9201075,h,
Juncus subnodulosus,9201076,h,
Juncus subulatus,9202271,h,
Juncus tenuis,9201077,h,
Juncus trifidus,9201078,h,
Juncus triglumis,9201079,h,
Juniperus communis,9201080,t,am
Juniperus communis subsp.alpina,9201080.2,t,m
Juniperus communis subsp.communis,9201080.1,t,am
Kalmia angustifolia,9202257,h,
Kalmia polifolia,9201081,s,er
Kerria japonica,9204378,h,
Kickxia elatine,9201082,h,
Kickxia sp.,200001631,h,
Kickxia spuria,9201083,h,
Knautia arvensis,9201084,h,
Kobresia simpliciuscula,9201085,h,
Koeleria macrantha,9201087,h,
Koeleria sp,200001224,h,
Koeleria vallesiana,9201088,h,
Koenigia islandica,9201089,h,
Laburnum anagyroides,9201091,t,am
Lactuca saligna,9201092,h,
Lactuca serriola,9201094,h,
Lactuca sp.,200001632,h,
Lactuca virosa,9201095,h,
Lagarosiphon major,9201096,h,
Lagurus ovatus,9201097,h,
Lamiastrum galeobdolon,920862,h,
Lamium album,9201098,h,
Lamium amplexicaule,9201099,h,
Lamium confertum,9201102,h,
Lamium hybridum,9201100,h,
Lamium maculatum,9201101,h,
Lamium purpureum,9201103,h,
Lamium sp.,9205009,h,
Lamium/glechoma seedling,28,h,
Lapsana communis,9201104,h,
Larix decidua (c),9201105,t,em
Larix kaempferi,9202302,t,am
Larix sp.,9204442,t,em
Larix x eurolepis (c),9202303,t,am
Lathraea clandestina,9201106,h,
Lathraea squamaria,9201107,h,
Lathyrus aphaca,9201108,h,
Lathyrus hirsutus,9201109,h,
Lathyrus japonicus,9201110,h,
Lathyrus latifolius,9201111,h,
Lathyrus linifolius,9201112,h,
Lathyrus niger,9201113,h,
Lathyrus nissolia,9201114,h,
Lathyrus palustris,9201115,h,
Lathyrus pratensis,9201116,h,
Lathyrus seedling/sp,9204537,h,
Lathyrus sylvestris,9201117,h,
Lathyrus tuberosus,9201118,h,
Laurus nobilis,9202427,t,am
Lavatera arborea,9201119,s,
Lavatera cretica,9201120,h,
Ledum palustre groenlandicum,9201121,h,
Ledum palustre palustre,9201122,h,
Leersia oryzoides,9201123,h,
Legousia hybrida,9201124,h,
Lemna gibba,9201125,h,
Lemna minor,9201126,h,
Lemna minuta,9202300,h,
Lemna sp.,9204538,h,
Lemna trisulca,9201128,h,
Leontodon autumnalis,9201129,h,
Leontodon hispidus,9201130,h,
Leontodon hispidus/saxatilis,200001481,h,
Leontodon saxatilis,9201131,h,
Leontodon sp.,9204539,h,
Leonurus cardiaca,9201132,h,
Lepidium bonariense,9204488,h,
Lepidium campestre,9201133,h,
Lepidium divaricatum,9204489,h,
Lepidium draba,920333,h,
Lepidium graminifolium,9202987,h,
Lepidium heterophyllum,9201139,h,
Lepidium latifolium,9201135,h,
Lepidium perfoliatum,9202570,h,n
Lepidium ruderale,9201137,h,
Lepidium sativum,9201138,h,
Lepidium virginicum,9202571,h,n
Leucanthemum vulgare,920502,h,
Leucojum aestivum,9201140,h,
Leucojum vernum,9201141,h,
Leycesteria formosa,9201142,h,
Leymus arenarius,920682,h,
Ligularia dentata,9205433,h,
Ligusticum scoticum,9201143,h,
Ligustrum ovalifolium,9202250,h,
Ligustrum sp.,9205026,h,
Ligustrum vulgare,9201144,h,
Lilium martagon,9201145,h,
Lilium pyrenaicum,9201146,h,
Lilium regale,200001633,h,
Lilium speciosum,20000962,h,
Limonium auriculae-ursifolium,9201150,h,
Limonium bellidifolium,9201147,h,
Limonium binervosum agg.,9201148,h,
Limonium binervosum sens.str.,9202532,h,
Limonium britannicum,9202533,h,
Limonium dodartiforme,9202534,h,
Limonium humile,9201149,h,
Limonium loganicum,9202535,h,
Limonium normannicum,9202562,h,
Limonium paradoxum,9201151,h,
Limonium parvum,9202536,h,
Limonium procerum,9202537,h,
Limonium recurvum,9201152,h,
Limonium sp.,200001634,h,
Limonium transwallianum,9201153,h,
Limonium vulgare,9201154,h,
Limosella aquatica,9201155,h,
Limosella australis,9201157,h,
Linaria arenaria,9201158,h,
Linaria pelisseriana,9201159,h,
Linaria purpurea,9201160,h,
Linaria repens,9201161,h,
Linaria sp.,9205031,h,
Linaria supina,9201163,h,
Linaria vulgaris,9201164,h,
Linnaea borealis,9201165,h,
Linum bienne,9201168,h,
Linum catharticum,9201169,h,
Linum perenne,9201167,h,
Linum sp.,9205033,h,
Linum usitatissimum,9201170,h,
Liparis loeselii,9201171,h,
Listera cordata,9201172,h,
Listera ovata,9201173,h,
Listera sp.,200001635,h,
Lithospermum arvense,920278,h,
Lithospermum officinale,9201174,h,
Lithospermum purpureocaeruleum,920279,h,
Littorella uniflora,9201175,h,
Lloydia serotina,9201176,h,
Lobelia dortmanna,9201177,h,
Lobelia urens,9201178,h,
Lobularia maritima,9201179,h,
Logfia arvensis,920828,h,
Loiseleuria procumbens,9201180,h,
Lolium multiflorum,9201182,h,
Lolium multiflorum x perenne (L. x boucheanum),9201181,h,
Lolium perenne,9201183,h,
Lolium sp.,9205042,h,
Lolium temulentum,9201185,h,
Lonicera caprifolium,9201186,s,am
Lonicera japonica,9201187,s,am
Lonicera nitida,9202613,h,
Lonicera periclymenum,9201188,s,am
Lonicera sp.,200001636,s,am
Lonicera xylosteum,9201189,s,am
Lophozia sp,200001390,h,
Lotus angustissimus,9201190,h,
Lotus corniculatus,9201191,h,
Lotus glaber,9201193,h,
Lotus pedunculatus,9201194,h,
Lotus sp.,9205044,h,
Lotus subbiflorus,9201192,h,
Ludwigia palustris,9201042,h,
Lunaria annua,9201195,h,
Lunaria rediviva,9204490,h,
Lupinus arboreus,9201196,h,n
Lupinus nootkatensis,9201197,h,
Luronium natans,9201198,h,
Luzula arcuata,9201199,h,
Luzula campestris,9201201,h,
Luzula campestris/multiflora,9205049,h,
Luzula forsteri,9201202,h,
Luzula luzuloides,9201203,h,
Luzula multiflora,9201204,h,
Luzula pallidula,9201206,h,
Luzula pilosa,9201207,h,
Luzula sp.,200001141,h,
Luzula spicata,9201208,h,
Luzula sylvatica,9201209,h,
Lychnis alpina,9202221,h,
Lychnis flos-cuculi,9201210,h,
Lychnis viscaria,9202222,h,
Lycium barbarum,9201212,h,
Lycium chinense,9201211,h,
Lycopersicon esculentum,9204359,h,
Lycopodiella inundata,9101216,h,
Lycopodium annotinum,9101214,h,
Lycopodium clavatum,9101215,h,
Lycopodium sp.,9104641,f,
Lycopus europaeus,9201219,h,
Lysichiton americanus,9202619,h,
Lysimachia ciliata,9201220,h,
Lysimachia nemorum,9201221,h,
Lysimachia nummularia,9201222,h,
Lysimachia punctata,9201223,h,
Lysimachia seedling/sp,9205055,h,
Lysimachia terrestris,9201224,h,
Lysimachia thyrsiflora,9201350,h,
Lysimachia vulgaris,9201225,h,
Lythrum hyssopifolia,9201226,h,
Lythrum portula,9201444,h,
Lythrum salicaria,9201227,h,
Lythrum sp.,200001688,h,
Mahonia aquifolium,9201228,s,am
Mahonia japonica,200001249,s,am
Maianthemum bifolium,9201229,h,
Maize,9204439,h,
Malus domestica,9201230.1,t,am
Malus sp.,200001637,h,
Malus sylvestris,9201230,t,am
Malva moschata,9201232,h,
Malva neglecta,9201233,h,
Malva parviflora,9201234,h,
Malva pusilla,9201235,h,
Malva sp.,200001638,h,
Malva sylvestris,9201236,s,am
Malva verticillata,9201237,h,
Marrow,9208025,h,
Marrubium vulgare,9201238,h,
Matricaria discoidea,9201242,h,
Matricaria recutita,9201239,h,
Matricaria sp.,200001639,h,
Matthiola incana,9201244,h,n
Matthiola sinuata,9201245,h,n
Meconopsis cambrica,9201246,h,
Medicago arabica,9201247,h,
Medicago lupulina,9201250,h,
Medicago minima,9201251,h,
Medicago polymorpha,9201249,h,
Medicago sativa,9201252,h,
Medicago sativa (sativa x falcata),9207129,h,
Medicago sativa subsp. varia,9201253,h,
Medicago sativa subsp.falcata,9201248,h,
Medicago sp.,9205065,h,
Melampyrum arvense,9201254,h,
Melampyrum cristatum,9201255,h,
Melampyrum pratense,9201256,h,
Melampyrum sp.,200001640,h,
Melampyrum sylvaticum,9201257,h,
Melica nutans,9201262,h,
Melica uniflora,9201263,h,
Melilotus albus,9201264,h,
Melilotus altissimus,9201265,h,
Melilotus indicus,9201266,h,
Melilotus officinalis,9201267,h,
Melilotus sp.,9204541,h,
Melissa officinalis,9201268,h,
Melittis melissophyllum,9201269,h,
Mentha aquatica,9201272,h,
Mentha aquatica x arvensis (M. x verticillata),9201286,h,
Mentha aquatica x spicata (M. x piperita),9201279,h,
Mentha arvensis,9201273,h,
Mentha arvensis x spicata (M. x gracilis),9201276,h,
Mentha pulegium,9201280,h,
Mentha requienii,9201281,h,
Mentha sp.,9204443,h,
Mentha spicata,9201285,h,
Mentha spicata x suaveolens (M. x villosa),9201270,h,
Mentha x smithiana (M. aquatica x arvensis x spicata),9201284,h,
Menyanthes trifoliata,9201289,h,
Mercurialis annua,9201290,h,
Mercurialis perennis,9201291,h,
Mertensia maritima,9201292,h,
Mesembryanthemum sp.,9204777,h,
Mespilus germanica,9201293,h,
Meum athamanticum,9201294,h,
Mibora minima,9201295,h,
Milium effusum,9201296,h,
Milium vernale,9201297,h,
Mimosa sp.,200001641,h,
Mimulus guttatus,9204328,h,
Mimulus luteus,9201299,h,
Mimulus moschatus,9201300,h,
Mimulus seedling/sp,9201298,h,
Minuartia hybrida,9201303,h,
Minuartia recurva,9202270,h,
Minuartia rubella,9201301,h,
Minuartia sedoides,920501,h,
Minuartia stricta,9201302,h,
Minuartia verna,9201304,h,
Misopates orontium,920128,h,
Moehringia trinervia,9201305,h,
Moenchia erecta,9201306,h,
Molinia caerulea,9201307,h,
Moneses uniflora,9201308,h,
Monotropa hypopitys,9201310,h,
Monotropa hypopitys subsp.hypopitys,9201311,h,
Montbretia sp,20000993,h,
Montia fontana,9201312,h,
Montia sp.,200001642,h,
Muscari comosum,9201314,h,
Muscari neglectum,9201313,h,
Myagrum perfoliatum,9204355,h,
Mycelis muralis,9201315,h,
Myosotis alpestris,9201316,h,
Myosotis arvensis,9201317,h,
Myosotis discolor,9201321,h,
Myosotis laxa,9201319,h,
Myosotis ramosissima,9201320,h,
Myosotis scorpioides,9201322,h,
Myosotis secunda,9201323,h,
Myosotis seedling/sp,9204542,h,
Myosotis sicula,9201324,h,
Myosotis stolonifera,9201318,h,
Myosotis sylvatica,9201325,h,
Myosoton aquaticum,9201326,h,
Myosurus minimus,9201327,h,
Myrica cerifera,9201329,h,
Myrica gale,9201328,h,
Myriophyllum alterniflorum,9201330,h,
Myriophyllum heterophyllum,9204496,h,
Myriophyllum sp.,9204543,h,
Myriophyllum spicatum,9201331,h,
Myriophyllum verticillatum,9201332,h,
Myrrhis odorata,9201333,h,
Najas flexilis,9201334,h,
Najas marina,9201336,h,
Narcissus agg.,9202614,h,
Narcissus poeticus,9205434,h,
Narcissus pseudonarcissus,9205478,h,
Narcissus pseudonarcissus subsp.pseudonarcissus,9201343,h,
Nardus stricta,9201344,h,
Narthecium ossifragum,9201345,h,
Nasturtium sp,200001290,h,
Neotinea maculata,9201351,h,
Neottia nidus-avis,9201352,h,
Nepeta cataria,9201353,h,
Neslia paniculata,9202572,h,
Nothofagus nervosa,9204407,t,em
Nuphar lutea,9201356,h,
Nuphar pumila,9201357,h,
Nymphaea alba,9201358,h,
Nymphoides peltata,9201360,h,
Odontites sp.,200001643,h,
Odontites vernus,9201361,h,
Odontites vernus subsp.serotinus,9201361.1,h,
Oenanthe aquatica,9201362,h,
Oenanthe crocata,9201363,h,
Oenanthe fistulosa,9201364,h,
Oenanthe fluviatilis,9201365,h,
Oenanthe lachenalii,9201366,h,
Oenanthe pimpinelloides,9201367,h,
Oenanthe silaifolia,9201368,h,
Oenanthe sp.,9205109,h,
Oenothera biennis,9201370,h,
Oenothera glazioviana,9201371,h,
Oenothera parviflora,9201369,h,
Oenothera stricta,9201373,h,
Oil seed rape,920251.1,h,
Omphalodes verna,9201374,h,
Onobrychis viciifolia,9201375,h,
Onoclea sensibilis,9102505,f,
Ononis reclinata,9201376,h,
Ononis repens,9201377,h,
Ononis spinosa,9201378,h,
Onopordum acanthium,9201379,h,
Onothera rubricaulis,9202377,h,
Ophioglossum azoricum,9101381.1,h,
Ophioglossum lusitanicum,9101380,h,
Ophioglossum vulgatum,9101381.2,h,
Ophrys apifera,9201382,h,
Ophrys fuciflora,9201383,h,
Ophrys insectifera,9201384,h,
Ophrys sphegodes,9201385,h,
Orchis laxiflora,9201386,o,
Orchis mascula,9201387,o,
Orchis militaris,9201388,o,
Orchis morio,9201389,o,
Orchis purpurea,9201390,o,
Orchis simia,9201391,o,
Orchis sp.,200001682,h,
Orchis ustulata,9201392,o,
Oreopteris limbosperma,9102051,h,
Origanum vulgare,9201393,h,
Ornithogalum angustifolium,9201396,h,
Ornithogalum nutans,9201394,h,
Ornithogalum pyrenaicum,9201395,h,
Ornithogalum sp.,9205118,h,
Ornithopus perpusillus,9201397,h,
Ornithopus pinnatus,9201398,h,
Orobanche alba,9201399,h,
Orobanche artemisiae-campestris,9201405,h,
Orobanche caryophyllacea,9201400,h,
Orobanche cernua,9204545,h,
Orobanche elatior,9201401,h,
Orobanche hederae,9201402,h,
Orobanche minor,9201404,h,
Orobanche purpurea,9201406,h,
Orobanche ramosa,9201407,h,
Orobanche rapum-genistae,9201408,h,
Orobanche reticulata,9201409,h,
Orobanche sp.,200001585,h,
Orthilia secunda,9201410,h,
Osmunda regalis,9101411,h,
Otanthus maritimus,9201412,h,
Oxalis acetosella,9201413,h,
Oxalis articulata,9201415,h,
Oxalis corniculata,9201414,h,
Oxalis debilis,9202519,h,
Oxalis dillenii,9202517,h,
Oxalis exilis,9201414.3,h,
Oxalis incarnata,9202518,h,
Oxalis latifolia,9202520,h,
Oxalis pes-caprae,9202523,h,
Oxalis sp.,200001644,h,
Oxalis stricta,9201416,h,
Oxyria digyna,9201420,h,
Oxytropis campestris,9201421,h,
Oxytropis halleri,9201422,h,
Paeonia mascula,9201423,h,
Panicum miliaceum,9204435,h,
Papaver argemone,9201424,h,
Papaver dubium,9207046,h,
Papaver dubium subsp.dubium,9201426,h,
Papaver dubium subsp.lecoqii,9201429,h,
Papaver hybridum,9201427,h,
Papaver rhoeas,9201430,h,
Papaver somniferum,9201431,h,
Papaver sp.,9205129,h,
Parapholis incurva,9201432,h,
Parapholis strigosa,9201433,h,
Parentucellia viscosa,9201434,h,
Parietaria judaica,9201435,h,
Paris quadrifolia,9201436,h,
Parnassia palustris,9201437,h,
Parthenocissus quinquefolia,9204381,h,
Pastinaca sativa,9201440,h,
Pedicularis palustris,9201441,h,
Pedicularis sp.,200001645,h,
Pedicularis sylvatica,9201442,h,
Pentaglottis sempervirens,9201443,h,
Persicaria amphibia,9201521,h,
Persicaria amplexicaulis,9202246,h,
Persicaria bistorta,9201525,h,
Persicaria hydropiper,9201530,h,
Persicaria laxiflora,9201535,h,
Persicaria maculosa,9201537,h,
Persicaria minor,9201534,h,
Persicaria vivipara,9201543,h,
Persicaria wallichii,9201538,h,
Petasites albus,9201445,h,
Petasites fragrans,9201446,h,
Petasites hybridus,9201447,h,
Petasites japonicus,9201448,h,
Petasites sp.,200001683,h,
Petasites spp.,200001696,h,
Petrorhagia nanteuilii,9201090.1,h,
Petrorhagia prolifera,9201090.2,h,
Petrorhagia saxifraga,9205409,h,
Petroselinum crispum,9201449,h,
Petroselinum segetum,9201450,h,
Petroselinum sp.,200001646,h,
Peucedanum officinale,9201451,h,
Peucedanum ostruthium,9201452,h,
Peucedanum palustre,9201453,h,
Phalaris arundinacea,9201454,h,
Phalaris canariensis,9201455,h,
Phalaris minor,9201456,h,
Phalaris sp.,200001647,h,
Phegopteris connectilis,9102053,h,
Phleum alpinum,9201460,h,
Phleum arenarium,9201459,h,
Phleum bertolonii,9201461,h,
Phleum phleoides,9201462,h,
Phleum pratense sens.lat.,9202247,h,
Phleum sp.,9204587,h,
Phlomis fruticosa,9201464,h,
Phormium tenax,9202245,h,
Phragmites australis,9201465,h,
Phyllitis scolopendrium,9101466,h,
Phyllodoce caerulea,9201467,h,
Physalis alkekengi,9204416,h,
Physocarpus opulifolius,9205435,h,
Physospermum cornubiense,920616,h,
Phyteuma orbiculare,9201469,h,
Phyteuma spicatum,9201468,h,
Picea abies,9201470,t,em
Picea sitchensis,9202401,t,em
Picea sp,9205155,t,em
Picris echioides,9201471,h,
Picris hieracioides,9201472,h,
Pilosella aurantiaca,9204516,h,
Pilosella caespitosa,9203054,h,
Pilosella flagellaris,9203083,h,
Pilosella officinarum,920976,h,
Pilosella officinarum x peleteriana (P. x longisquama),9202841,h,
Pilosella peleteriana,9203144,h,
Pilosella praealta,9203154,h,
Pilularia globulifera,9101474,h,
Pimpinella major,9201475,h,
Pimpinella saxifraga,9201476,h,
Pimpinella sp.,200001648,h,
Pinguicula alpina,9201477,h,
Pinguicula grandiflora,9201478,h,
Pinguicula lusitanica,9201480,h,
Pinguicula vulgaris,9201481,h,
Pinus contorta,9202402,t,em
Pinus contorta var latifloia (c),9202402.2,t,em
Pinus nigra,9201482,t,em
Pinus pinaster,9201483,t,em
Pinus radiata,9202414,t,em
Pinus sp./seedling,9204546,t,em
Pinus sylvestris,9201484,t,em
Pisum sativum,9204365,h,
Pittosporum crassifolium,9204389,h,
Plantago coronopus,9201485,h,
Plantago lanceolata,9201487,h,
Plantago major,9201488,h,
Plantago maritima,9201489,h,
Plantago media,9201490,h,
Plantago sp.,200001649,h,
Platanthera bifolia,9201492,h,
Platanthera chlorantha,9201493,h,
Platanthera sp.,200001650,h,
Platanus x hispanica (P. occidentalis x orientalis),9202407,t,am
Pleioblastus simonii,9204306,h,
Poa alpina,9201494,h,
Poa alpina x flexuosa (P. x jemtlandica),9201503,h,
Poa angustifolia,9201506.2,h,
Poa annua,9201495,h,
Poa bulbosa,9201497,h,
Poa chaixii,9201498,h,
Poa compressa,9201499,h,
Poa flabellata,9205436,h,
Poa flexuosa,9201500,h,
Poa glauca,9201501,h,
Poa humilis,9201506.5,h,
Poa infirma,9201502,h,
Poa nemoralis,9201504,h,
Poa nemoralis/trivialis,200001593,h,
Poa palustris,9201505,h,
Poa pratensis sens.lat.,9201506,h,
Poa sp.,9204547,h,
Poa trivialis,9201507,h,
Polemonium caeruleum,9201508,h,
Polycarpon tetraphyllum,9201509,h,
Polygala amarella,9201510,h,
Polygala calcarea,9201512,h,
Polygala oxyptera,9201515,h,
Polygala serpyllifolia,9201514,h,
Polygala sp.,9204548,h,
Polygala vulgaris/serpyllifolia,20000323,h,
Polygobum cognatum,9202431,h,
Polygonatum multiflorum,9201516,h,
Polygonatum odoratum,9201518,h,
Polygonatum verticillatum,9201519,h,
Polygonum arenastrum,9201520,h,
Polygonum aviculare agg.,9201522,h,
Polygonum boreale,9202269,h,
Polygonum lapathifolium,9201531,h,
Polygonum maritimum,9201533,h,
Polygonum oxyspermum,9201539,h,
Polygonum rurivagum,9201540,h,
Polygonum sp.,9204549,h,
Polypodium cambricum,9101544.1,h,
Polypodium interjectum,9101544.3,h,
Polypodium sp.,200001676,h,
Polypodium vulgare sens.lat.,9101544,h,
Polypodium vulgare sens.str.,9101544.2,h,
Polypogon monspeliensis,9201545,h,
Polystichum aculeatum,9101546,h,
Polystichum lonchitis,9101547,h,
Polystichum setiferum,9101548,h,
Polystichum setiferum/aculeatum,20000330,h,
Polystichum sp.,9104651,f,
Populus (cultivar),200001652,t,em
Populus alba,9201549,t,em
Populus candicans,9201552,t,em
Populus canescens,9201551,t,em
Populus deltoides,9204550,h,
Populus nigra,9204313,t,em
Populus nigra cv. italica,9201553,t,em
Populus nigra subsp.betulifolia,9201554,t,em
Populus sp.,200001651,t,em
Populus tremula,9201555,t,em
Porella sp.,200001653,h,
Portulaca oleracea,9201556,h,
Potamogeton acutifolius,9201557,h,
Potamogeton alpinus,9201558,h,
Potamogeton berchtoldii,9201559,h,
Potamogeton coloratus,9201561,h,
Potamogeton compressus,9201562,h,
Potamogeton crispus,9201563,h,
Potamogeton epihydrus,9201565,h,
Potamogeton filiformis,9201566,h,
Potamogeton friesii,9201567,h,
Potamogeton gramineus,9201568,h,
Potamogeton lucens,9201569,h,
Potamogeton natans,9201570,h,
Potamogeton nodosus,9201572,h,
Potamogeton obtusifolius,9201573,h,
Potamogeton pectinatus,9201574,h,
Potamogeton perfoliatus,9201575,h,
Potamogeton polygonifolius,9201576,h,
Potamogeton praelongus,9201577,h,
Potamogeton pusillus,9201578,h,
Potamogeton rutilus,9201579,h,
Potamogeton sp.,9204551,h,
Potamogeton trichoides,9201581,h,
Potentilla anglica,9201583,h,
Potentilla anserina,9201584,h,
Potentilla argentea,9201585,h,
Potentilla crantzii,9201587,h,
Potentilla erecta,9201588,h,
Potentilla fruticosa,9201589,h,
Potentilla intermedia,9201590,h,
Potentilla neumanniana,9201597,h,
Potentilla norvegica,9201591,h,
Potentilla palustris,9201592,h,
Potentilla recta,9201593,h,
Potentilla reptans,9201594,h,
Potentilla rupestris,9201595,h,
Potentilla sp.,9205173,h,
Potentilla sterilis,9201596,h,
Potentilla x mixta sens. lat. (P. anglica or erecta x reptans),9202990,h,
Primula elatior,9201600,h,
Primula elatior x vulgaris (P. x digenea),9201602,h,
Primula farinosa,9201603,h,
Primula scotica,9201604,h,
Primula scotica/farinosa,200001594,h,
Primula sp.,200001654,h,
Primula veris,9201605,h,
Primula veris x vulgaris (P. x polyantha),9201606,h,
Primula vulgaris,9201607,h,
Prunella laciniata,9201609,h,
Prunella vulgaris,9201610,h,
Prunus avium,9201611,t,am
Prunus cerasifera,9201612,t,am
Prunus cerasus,9201613,t,am
Prunus domestica,9201614,t,am
Prunus laurocerasus,9201615,t,am
Prunus lusitanica,9202618,h,
Prunus padus,9201616,t,am
Prunus sp.,9204552,t,am
Prunus spinosa,9201617,t,am
Pseudofumaria lutea,920556,h,
Pseudorchis albida,920947,h,
Pseudosasa japonica,9204307,h,
Pseudotsuga menziesii,9201618,t,em
Pseudotsuga spp.,9205178,t,em
Pteridium aquilinum,9101619,h,
Puccinellia distans,9201620,h,
Puccinellia fasciculata,9201621,h,
Puccinellia maritima,9201622,h,
Puccinellia rupestris,9201624,h,
Puccinellia sp.,9205179,h,
Pulicaria dysenterica,9201625,h,
Pulicaria vulgaris,9201626,h,
Pulmonaria longifolia,9201627,h,
Pulmonaria obscura,9205437,h,
Pulmonaria officinalis,9201628,h,
Pulsatilla vulgaris,920106,h,
Pyracantha coccinea,9204457,h,
Pyrola media,9201630,h,
Pyrola minor,9201631,h,
Pyrola rotundifolia,9205438,h,
Pyrola sp.,200001655,h,
Pyrus communis,9201633,t,am
Pyrus cordata,9201634,t,am
Pyrus cultivar,200001191,h,
Pyrus sp.,200001656,t,am
Quercus cerris,9201635,t,em
Quercus ilex,9201637,t,em
Quercus petraea,9201638,t,em
Quercus petraea x robur (g),9201639,t,em
Quercus robur,9201640,t,em
Quercus rubra,9202419,t,em
Quercus seedling/sp,9204446,t,em
Radiola linoides,9201641,h,
Radish,9201668,h,
Ranunculus acris,9201642,h,
Ranunculus aquatilis,9201643.1,h,
Ranunculus arvensis,9201644,h,
Ranunculus auricomus,9201645,h,
Ranunculus baudotii,9201646,h,
Ranunculus bulbosus,9201647,h,
Ranunculus circinatus,9201648,h,
Ranunculus ficaria,9201649,h,
Ranunculus flammula,9201651,h,
Ranunculus flammula x reptans (R. x levenensis),9202561,h,
Ranunculus fluitans,9201652,h,
Ranunculus hederaceus,9201653,h,
Ranunculus lingua,9201655,h,
Ranunculus marginatus,9207525,h,
Ranunculus muricatus,9201657,h,
Ranunculus omiophyllus,9201654,h,
Ranunculus ophioglossifolius,9201658,h,
Ranunculus paludosus,9201650,h,
Ranunculus parviflorus,9201659,h,
Ranunculus peltatus,9201643.2,h,
Ranunculus penicillatus,9201643.3,h,
Ranunculus pseudofluitans,9201643.6,h,
Ranunculus repens,9201660,h,
Ranunculus reptans,9201661,h,
Ranunculus sardous,9201662,h,
Ranunculus sceleratus,9201663,h,
Ranunculus section batrachium,9205439,h,
Ranunculus seedling/sp,9204555,h,
Ranunculus trichophyllus,9201664,h,
Ranunculus tripartitus,9201665,h,
Raphanus raphanistrum,9205481,h,n
Raphanus raphanistrum subsp.maritimus,9201666,h,
Raphanus sp.,9205187,h,n
Rapistrum perenne,9201669,h,
Rapistrum rugosum,9201670,h,
Reseda alba,9201671,h,
Reseda lutea,9201672,h,
Reseda luteola,9201673,h,
Reseda phyteuma,9201674,h,
Reseda sp.,200001657,h,
Rhamnus cathartica,9201675,t,am
Rheum sp,200001104,h,
Rhinanthus angustifolius,9201683,h,
Rhinanthus minor,9201678,h,
Rhinanthus minor subsp.borealis,9201676,h,
Rhinanthus minor subsp.monticola,9201684,h,
Rhinanthus minor subsp.stenophyllus,9201685,h,
Rhinanthus sp.,9205193,h,
Rhododendron luteum,9201686,t,er
Rhododendron ponticum,9201687,t,er
Rhododendron spp.,9205194,t,er
Rhynchospora alba,9201691,h,
Rhynchospora fusca,9201692,h,
Ribes alpinum,9201693,s,am
Ribes nigrum,9201694,s,am
Ribes nigrum/rubrum,200001589,s,am
Ribes rubrum,9201696,s,am
Ribes sp.,200001596,s,am
Ribes spicatum,9201695,s,am
Ribes uva-crispa,9201697,s,am
Riccardia sp,200001244,h,
Riccardia/aneura sp.,29,h,
Robinia pseudoacacia,9201698,t,am
Roemeria hybrida,9201699,h,
Romulea columnae,9201700,h,
Rorippa amphibia,9201701,h,
Rorippa austriaca,9201702,h,
Rorippa islandica sens.str.,9202546,h,
Rorippa microphylla,9201346,h,n
Rorippa microphylla x nasturtium-aquaticum (R. x sterilis),9201349,h,n
Rorippa nasturtium-aquaticum agg.,9201348,h,n
Rorippa nasturtium-aquaticum sens.str.,9201347,h,n
Rorippa palustris,9201703,h,
Rorippa sp.,9204556,,
Rorippa sylvestris,9201704,h,
Rosa agrestis,9201706,s,am
Rosa arvensis,9201707,s,am
Rosa arvensis x canina (R. x verticillacantha),9202712,s,am
Rosa caesia,9207533,s,am
Rosa caesia subsp.glauca,9202554,h,
Rosa canina agg.,9201708,s,am
Rosa canina sens.str.,9201709,s,am
Rosa canina x rubiginosa (R. x nitidula),9202731,s,am
Rosa canina x stylosa (R. x andegavensis),9202725,s,am
Rosa canina x tomentosa (R. x scabriuscula),9202730,s,am
Rosa micrantha,9201712,s,am
Rosa obtusifolia,9201713,s,am
Rosa pimpinellifolia,9201719,s,am
Rosa rubiginosa,9201714,s,am
Rosa rubiginosa sens.str.,9201715,s,am
Rosa rugosa,9201716,s,am
Rosa seedling/sp,9201705,s,am
Rosa sherardii,9201718,s,am
Rosa stylosa,9201720,s,am
Rosa tomentosa,9201721,s,am
Rosa villosa agg.,9201722,s,am
Rosa virginiana,9201724,s,am
Rubia peregrina,9201725,s,am
Rubus adscitus (app),9203314,s,am
Rubus affinus (sub),9203315,s,am
Rubus arcticus,9202293,h,
Rubus arrhenii (sil),9203331,s,am
Rubus atrocaulis (sil),9203336,s,am
Rubus babingtonii (app),9203698,s,am
Rubus bertramii (sub),9203788,s,am
Rubus bloxamii (app),9203348,s,am
Rubus boraeanus (app),9203349,s,am
Rubus caesius,9201726,s,am
Rubus cardiophyllus (sil),9203361,s,am
Rubus chamaemorus,9201727,s,am
Rubus condensatus (app),9203375,s,am
Rubus curtiglandulosus (app),9203389,s,am
Rubus danicus (sil),9203393,s,am
Rubus dasyphyllus (app),9203395,s,am
Rubus divaricatus (sub),9203402,s,am
Rubus dumnoniensis (sil),9203724,s,am
Rubus durotrigum (app),9203408,s,am
Rubus eboracensis,9203409,s,am
Rubus echinatus (app),9203399,s,am
Rubus egregius (sil),9203412,s,am
Rubus fissus (sub),9203427,s,am
Rubus flexuosus (app),9203728,s,am
Rubus fruticosus agg.,9201728,s,am
Rubus fuscus (app),9203437,s,am
Rubus gratus (sil),9203444,s,am
Rubus hartmanii (app),9203451,s,am
Rubus hebecaulis (app),9203454,s,am
Rubus idaeus,9201729,s,am
Rubus incurvatus (sil),9203478,s,am
Rubus laciniatus (sil),9203489,s,am
Rubus lentiginosus (sil),9203500,s,am
Rubus leptadenes (app),9203501,s,am
Rubus leucostachys (app),9203504,s,am
Rubus lindebergii (sil),9203507,s,am
Rubus lindleianus (sil),9203508,s,am
Rubus macrophyllus (sil),9203520,s,am
Rubus macrothyrsus (app),9203522,s,am
Rubus menkei (app),9203531,s,am
Rubus mercicus (sil),9203532,s,am
Rubus micans (app),9203534,s,am
Rubus mucronatoides (app),9203789,h,
Rubus mucronulatus (app),9203541,s,am
Rubus nemoralis (sil),9203547,s,am
Rubus odoratus,9203753,s,am
Rubus pallidus (app),9203570,s,am
Rubus phoenicolasius,9203760,s,am
Rubus plicatus (sub),9203578,s,am
Rubus polyanthemus (sil),9203582,s,am
Rubus pyramidalis (sil),9203601,s,am
Rubus questieri (sil),9203602,s,am
Rubus radula (app),9203604,s,am
Rubus rhombifolius (sil),9203612,s,am
Rubus rosaceus (app),9203616,s,am
Rubus rudis (app),9203624,s,am
Rubus rufescens (app),9203625,s,am
Rubus saxatilis,9201730,s,am
Rubus scaber (app),9203631,s,am
Rubus sciocharis (sil),9203638,s,am
Rubus scissus (sub),9203639,s,am
Rubus seedling,9205203,s,am
Rubus septentrionalis (sil),9203644,s,am
Rubus silvaticus (sil),9203649,s,am
Rubus sp.,200001659,s,am
Rubus spectabilis,9201731,s,am
Rubus sprengelii (sil),9203653,s,am
Rubus sulcatus (sub),9203662,s,am
Rubus ulmifolius (dis),9201732,s,am
Rubus vestitus,9203679,s,am
Rubus winteri (dis),9203688,s,am
Rudbeckia laciniata,9201733,h,
Rumex acetosa,9201734,h,
Rumex acetosella,9201735,h,
Rumex aquaticus,9201739,h,
Rumex confertus,9202573,h,
Rumex conglomeratus,9201741,h,
Rumex conglomeratus/sanguineus,20000377,h,
Rumex crispus,9201742,h,
Rumex crispus x obtusifolius (R. x pratensis),9202464,h,
Rumex cristatus,9201743,h,
Rumex frutescens,9201744,h,
Rumex hydrolapathum,9201745,h,
Rumex longifolius,9201746,h,
Rumex maritimus,9201747,h,
Rumex obtusifolius,9201748,h,
Rumex obtusifolius x sanguineus (R. x dufftii),9202455,h,
Rumex palustris,9201749,h,
Rumex pseudoalpinus,9201737,h,
Rumex pulcher,9201751,h,
Rumex rupestris,9201752,h,
Rumex salicifolius,9201757,h,
Rumex sanguineus,9201753,h,
Rumex scutatus,9201754,h,
Rumex seedling/sp,9204557,,
Rumex tenuifolius,9201756,h,
Ruppia cirrhosa,9201759,h,
Ruppia maritima,9201758,h,
Ruscus aculeatus,9201760,s,am
Sagina apetala,9202559,h,
Sagina apetala subsp.apetala,9201762,h,
Sagina apetala subsp.erecta,9201761,h,
Sagina maritima,9201765,h,
Sagina nivalis,9201764,h,
Sagina nodosa,9201766,h,
Sagina procumbens,9201767,h,
Sagina procumbens x saginoides (S. x normaniana),9202923,h,
Sagina saginoides,9201768,h,
Sagina sp.,9205207,h,
Sagina subulata,9201769,h,
Sagittaria rigida,9201770,h,
Sagittaria sagittifolia,9201771,h,
Salicornia agg.,9202242,h,
Salicornia dolichostachya,9201774,h,
Salicornia europaea agg.,9204326,h,
Salicornia fragilis,9201776,h,
Salicornia nitens,9201778,h,
Salicornia obscura,9201779,h,
Salicornia pusilla,9201780,h,
Salicornia ramosissima,9201781,h,
Salicornia ramosissima/europaea,20000382,h,
Salix alba,9201784,t,em
Salix alba x babylonica (S. x sepulcralis),9202350,t,am
Salix arbuscula,9201785,t,em
Salix atrocinerea,9201786,t,em
Salix aurita,9201787,t,em
Salix caprea,9201788,t,em
Salix caprea subsp.sphacelata,9201788.2,t,em
Salix caprea x cinerea (S. x reichardtii),9202342,t,am
Salix caprea x phylicifolia,9202366,t,am
Salix caprea x viminalis (S. x sericans),9202351,t,am
Salix cinerea,9201789,t,em
Salix cinerea x viminalis (S. x smithiana),9202354,t,am
Salix fragilis,9201793,t,em
Salix herbacea,9201794,t,em
Salix lanata,9201795,t,em
Salix lapponum,9201796,t,em
Salix lapponum x reticulata (S. x boydii),9202308,t,am
Salix myrsinifolia,9201797,t,em
Salix myrsinites,9201798,t,em
Salix pentandra,9201799,t,em
Salix phylicifolia,9201800,t,em
Salix purpurea,9201801,t,em
Salix repens agg.,9201802,t,em
Salix reticulata,9201803,t,em
Salix seedling/sp,9204558,t,am
Salix triandra,9201804,t,em
Salix viminalis,9201805,t,em
Salix viminalis x purpurea (s),9202344,t,am
Salix x forbyana (S. cinerea x purpurea x viminalis),9202318,t,am
Salsola kali,9205441,h,
Salvia nemorosa,9201811,h,
Salvia pratensis,9201810,h,
Salvia verbenaca,9201812,h,
Salvia verticillata,9201813,h,
Sambucus ebulus,9201814,s,am
Sambucus nigra,9201815,t,am
Sambucus racemosa,9201816,t,am
Sambucus sp.,9205211,s,am
Samolus valerandi,9201817,h,
Sanguisorba minor,9205442,h,
Sanguisorba minor subsp.muricata,9201598,h,
Sanguisorba officinalis,9201818,h,
Sanguisorba sp.,200001660,h,
Sanicula europaea,9201819,h,
Saponaria officinalis,9201821,h,
Sarcocornia perennis,9201777,h,
Sasa palmata,9204308,h,
Sasaella ramosa,9204310,h,
Saussurea alpina,9201825,h,
Saxifraga aizoides,9201826,h,
Saxifraga cernua,9201827,h,
Saxifraga cespitosa,9201828,h,
Saxifraga granulata,9201830,h,
Saxifraga hirculus,9201832,h,
Saxifraga hirsuta,9201833,h,
Saxifraga hypnoides,9201835,h,
Saxifraga nivalis,9201836,h,
Saxifraga oppositifolia,9201837,h,
Saxifraga rivularis,9201838,h,
Saxifraga rosacea,9205482,h,
Saxifraga sp.,9205222,h,
Saxifraga spathularis,9201840,h,
Saxifraga spathularis x umbrosa (S. x urbium),9201841,h,
Saxifraga stellaris,9201842,h,
Saxifraga tridactylites,9201843,h,
Saxifraga umbrosa,9201844,h,
Scabiosa atropurpurea,9201845,h,
Scabiosa columbaria,9201846,h,
Scabiosa sp.,200001661,h,
Scandix pecten-veneris,9201847,h,
Scheuchzeria palustris,9201848,h,
Schistidium sp.,200001662,h,
Schoenoplectus lacustris,9201851,h,
Schoenoplectus pungens,9201849,h,
Schoenoplectus tabernaemontani,9201852,h,
Schoenoplectus triqueter,9201853,h,
Schoenus ferrugineus,9201854,h,
Schoenus nigricans,9201855,h,
Scilla autumnalis,9201856,h,
Scilla verna,9201857,h,
Scirpoides holoschoenus,920985,h,
Scirpus sp.,9204559,h,
Scirpus sylvaticus,9201861,h,
Scleranthus annuus,9201862,h,
Scleranthus perennis,9201863,h,
Scorzonera humilis,9201864,h,
Scrophularia auriculata,9201865,h,
Scrophularia nodosa,9201867,h,
Scrophularia scorodonia,9201868,h,
Scrophularia sp.,9205231,h,
Scrophularia umbrosa,9201869,h,
Scrophularia vernalis,9201870,h,
Scutellaria altissima,9201871,h,
Scutellaria galericulata,9201872,h,
Scutellaria minor,9201874,h,
Scutellaria sp.,9205232,h,
Secale cereale,9204369,h,
Securigera varia,920550,h,
Sedum acre,9201875,h,
Sedum album,9201876,h,
Sedum anglicum,9201877,h,
Sedum anglicum/acre,20000399,h,
Sedum dasyphyllum,9201878,h,
Sedum forsterianum,9201879,h,
Sedum rosea,9201882,h,
Sedum rupestre,9201881,h,
Sedum sexangulare,9201883,h,
Sedum sp.,9205234,h,
Sedum spurium,9201884,h,
Sedum telephium,9201885,h,
Sedum villosum,9201886,h,
Selaginella kraussiana,9101887,h,
Selaginella selaginoides,9101888,h,
Selinum carvifolia,9201889,h,
Semiarundinaria fastuosa,9204311,h,
Sempervivum tectorum,9201890,h,
Senecio aquaticus,9201891,h,
Senecio aquaticus x jacobaea (S. x ostenfeldii),9202612,h,
Senecio cambrensis,9202294,h,
Senecio cineraria,9201892,h,
Senecio doria,9201894,h,
Senecio erucifolius,9201896,h,
Senecio fluviatilis,9201897,h,
Senecio jacobaea,9201899,h,
Senecio jacobaea/ecrucifolius,200001586,h,
Senecio paludosus,9201900,h,
Senecio smithii,9204436,h,
Senecio sp.,9204588,h,
Senecio squalidus,9201902,h,
Senecio squalidus x viscosus (S. x subnebrodensis),9202625,h,
Senecio sylvaticus,9201903,h,
Senecio viscosus,9201904,h,
Senecio vulgaris,9201905,h,
Sequoia sempervirens,9202417,t,am
Sequoiadendron giganteum,9202410,t,am
Seriphidium maritimum,920172,h,
Serratula tinctoria,9201906,h,
Seseli libanotis,9201907,h,
Sesleria caerulea,9201908,h,
Setaria viridis,9201911,h,
Sherardia arvensis,9201912,h,
Sibbaldia procumbens,9201913,h,
Sibthorpia europaea,9201914,h,
Sigesbeckia serrata,9205443,h,
Silaum silaus,9201916,h,
Silene acaulis,9201917,h,
Silene armeria,9201920,h,
Silene conica,9201921,h,
Silene dioica,9201259,h,
Silene dioica x latifolia (S. x hampeana),9201260,h,
Silene gallica,9201918,h,
Silene italica,9201925,h,
Silene latifolia,9201258,h,
Silene noctiflora,9201261,h,
Silene nutans,9201928,h,
Silene otites,9201929,h,
Silene sp.,9205248,h,
Silene uniflora,9201926,h,
Silene vulgaris,9204578,h,
Silybum marianum,9201930,h,
Simethis planifolia,9201931,h,
Sinapis alba,9201932,h,n
Sinapis arvensis,9201933,h,n
Sinapis arvensis/alba,20000407,h,
Sinapis sp.,9205251,h,
Sinarundinaria anceps,9205419,t,am
Sison amomum,9201934,h,
Sisymbrium altissimum,9201935,h,
Sisymbrium austriacum,9204493,h,
Sisymbrium irio,9201936,h,
Sisymbrium loeselii,9201937,h,
Sisymbrium officinale,9201938,h,
Sisymbrium orientale,9201939,h,
Sisymbrium sp.,200001663,h,n
Sisymbrium strictissimum,9201941,h,
Sisymbrium volgense,9202644,h,
Sisyrinchium bermudiana,9201942,h,
Sisyrinchium montanum,9202651,h,
Sium latifolium,9201944,h,
Smyrnium olusatrum,9201945,h,
Smyrnium perfoliatum,9204383,h,
Solanum dulcamara,9201947,h,
Solanum dulcamara/nigra,20000409,h,
Solanum nigrum,9201949,h,
Solanum sarachoides,9201946,h,
Solanum sp.,200001664,h,
Solanum triflorum,9201950,h,
Solanum tuberosum,9204360,h,
Solanum villosum,9201948,h,
Soleirolia soleirolii,920965,h,
Solidago canadensis,9202251,h,
Solidago gigantea,9202434,h,
Solidago graminifolia,9204340,h,
Solidago virgaurea,9201951,h,
Sonchus arvensis,9201952,h,
Sonchus asper,9201953,h,
Sonchus oleraceus,9201954,h,
Sonchus palustris,9201955,h,
Sonchus sp.,9204560,h,
Sorbus anglica,9201956,t,am
Sorbus aria,9201958,t,am
Sorbus arranensis,9201959,t,am
Sorbus aucuparia,9201960,t,am
Sorbus austriaca group,9205445,t,am
Sorbus bristoliensis,9201961,t,am
Sorbus devoniensis,9201962,t,am
Sorbus domestica,9201963,t,am
Sorbus eminens,9201964,t,am
Sorbus hibernica,9201965,t,am
Sorbus hybrida group,9205446,t,am
Sorbus intermedia agg.,9205483,t,am
Sorbus intermedia sens.str.,9201966,t,am
Sorbus lancastriensis,9201967,t,am
Sorbus latifolia group,9205447,t,am
Sorbus leptophylla,9201969,t,am
Sorbus leyana,9201970,t,am
Sorbus minima,9201971,t,am
Sorbus minima group,9205448,t,am
Sorbus porrigentiformis,9201972,t,am
Sorbus pseudofennica,9201973,t,am
Sorbus rupicola,9201974,t,am
Sorbus rupicola group,9205449,t,am
Sorbus sp.,9204561,t,am
Sorbus subcuneata,9201976,t,am
Sorbus torminalis,9201977,t,am
Sorbus vexans,9201979,t,am
Sorbus wilmottiana,9202272,h,
Sorghum sp.,200001665,h,
Spaeropharus sp.,20000245,h,
Sparganium angustifolium,9201980,h,
Sparganium emersum,9201983,h,
Sparganium erectum,9201981,h,
Sparganium natans,9201982,h,
Sparganium sp.,9205259,h,
Spartina alterniflora,9201984,h,
Spartina alterniflora x maritima (S. x townsendii),9201986,h,
Spartina anglica,9202278,h,
Spartina maritima,9201985,h,
Spartina spp.,9204385,h,
Spergula arvensis,9201987,h,
Spergula arvensis/Spergularia rupicola,20000418,h,
Spergula morisonii,9201988,h,
Spergula sp.,200001666,h,
Spergularia bocconei,9201989,h,
Spergularia marina,9201990,h,
Spergularia media,9201991,h,
Spergularia rubra,9201992,h,
Spergularia rupicola,9201993,h,
Spergularia sp.,9205262,h,
Sphagnum (green/fat),20000558,h,
Sphagnum (green/thin),20000559,h,
Sphagnum (red/fat),20000560,h,
Spiraea agg.,9201994,h,
Spiraea douglasii,9202658,h,
Spiranthes aestivalis,9201995,h,
Spiranthes romanzoffiana,9201996,h,
Spiranthes spiralis,9201997,h,
Spirodela polyrhiza,9201127,h,
Stachys alpina,9201998,h,
Stachys ambigua,20000944,h,
Stachys arvensis,9202001,h,
Stachys germanica,9202002,h,
Stachys officinalis,920237,h,
Stachys palustris,9202003,h,
Stachys palustris x sylvatica (S. x ambigua),9201999,h,
Stachys sp.,9205264,h,
Stachys sylvatica,9202005,h,
Staphylea pinnata,9202006,h,
Stellaria graminea,9202009,h,
Stellaria holostea,9202010,h,
Stellaria media,9202012,h,
Stellaria neglecta,9202013,h,
Stellaria nemorum,9202014,h,
Stellaria pallida,9202008,h,
Stellaria palustris,9202015,h,
Stellaria seedling/sp,9205266,h,
Stellaria uliginosa,9202007,h,
Stratiotes aloides,9202017,h,
Suaeda maritima,9202019,h,
Suaeda vera,9202018,h,
Subularia aquatica,9202020,h,
Succisa pratensis,9202021,h,
Symphoricarpos albus,9202022,h,
Symphoricarpus sp.,200001587,h,
Symphytum asperum,9202023,h,
Symphytum asperum x officinale (S. x uplandicum),9202025,h,
Symphytum officinale,9202024,h,
Symphytum orientale,9202026,h,
Symphytum sp.,9205273,h,
Symphytum tuberosum,9202028,h,
Symphytum uplandicum,200001036,h,
Syringa vulgaris,9202029,h,
Tamarix gallica,9202031,t,am
Tamarix spp.,9205275,t,am
Tamus communis,9202032,h,
Tanacetum parthenium,920503,h,
Tanacetum sp.,9205277,h,
Tanacetum vulgare,9202033,h,
Taraxacum adamii (spe),9203962,h,
Taraxacum aequilobum (tar),9203805,h,
Taraxacum agg.,9202034,h,
Taraxacum alatum (tar),9203807,h,
Taraxacum ancistrolobum (tar),9203808,h,
Taraxacum anglicum (pal),9203809,h,
Taraxacum aurosulum (tar),9203811,h,
Taraxacum austriacum (ery),9203812,h,
Taraxacum brachyglossum (ery),9203815,h,
Taraxacum bracteatum (tar),9203816,h,
Taraxacum canoviride (tar),9203820,h,
Taraxacum canulum (ery),9203821,h,
Taraxacum commixtum (ery),9203825,h,
Taraxacum cordatum (tar),9203828,h,
Taraxacum craspedotum (spe),9203829,h,
Taraxacum crispifolium (tar),9204019,h,
Taraxacum croceiflorum (tar),9203831,h,
Taraxacum cyanolepis (tar),9203833,h,
Taraxacum cymbifolium (spe),9203834,h,
Taraxacum dahlstedtii (tar),9203835,h,
Taraxacum degelii (ery),9203836,h,
Taraxacum dilatatum (tar),9203837,h,
Taraxacum disseminatum (ery),9203838,h,
Taraxacum dunense (ery),9203840,h,
Taraxacum duplidens (tar),9203841,h,
Taraxacum euryphyllum (spe),9203844,h,
Taraxacum expallidiforme (tar),9203846,h,
Taraxacum fasciatum (tar),9203848,h,
Taraxacum fulvicarpum (spe),9203850,h,
Taraxacum fulvum (ery),9203852,h,
Taraxacum glauciniforme (ery),9203853,h,
Taraxacum glaucinum (ery),9203854,h,
Taraxacum gotlandicum (ery),9203855,h,
Taraxacum haematicum (tar),9203856,h,
Taraxacum hamatiforme (tar),9203857,h,
Taraxacum hamatum (tar),9203858,h,
Taraxacum insigne (tar),9203865,h,
Taraxacum lacistophyllum (ery),9203868,h,
Taraxacum laeticolor (tar),9203975,h,
Taraxacum laetiforme (ery),9203869,h,
Taraxacum laetum (ery),9203871,h,
Taraxacum lainzii (spe),9203872,h,
Taraxacum landmarkii (spe),9203873,h,
Taraxacum linguatum (tar),9203875,h,
Taraxacum lingulatum (tar),9203876,h,
Taraxacum litorale (spe),9203877,h,
Taraxacum longisquameum (tar),9203878,h,
Taraxacum maculatum (tar),9203879,h,
Taraxacum maculigerum (spe),9203880,h,
Taraxacum marklundii (tar),9203881,h,
Taraxacum melanthoides (tar),9203985,h,
Taraxacum naevosiforme (spe),9203884,h,
Taraxacum naevosum (spe),9203885,h,
Taraxacum nordstedtii (spe),9203886,h,
Taraxacum obliquilobum (tar),9203887,h,
Taraxacum obliquum (obl),9203888,h,
Taraxacum oblongatum (tar),9203889,h,
Taraxacum oxoniense (ery),9203893,h,
Taraxacum pallescens (tar),9203894,h,
Taraxacum palustre (pal),9203895,h,
Taraxacum pannucium (tar),9203896,h,
Taraxacum piceatum (tar),9203998,h,
Taraxacum placidum (ery),9203899,h,
Taraxacum platyglossum (obl),9203900,h,
Taraxacum polyodon (tar),9203901,h,
Taraxacum praestans (spe),9203903,h,
Taraxacum privum (tar),9203904,h,
Taraxacum proximiforme (ery),9203906,h,
Taraxacum proximum (ery),9203907,h,
Taraxacum pseudolacistophyllum (ery),9203908,h,
Taraxacum pycnostictum (spe),9203911,h,
Taraxacum raunkiaeri (tar),9203842,h,
Taraxacum rubicundum (ery),9203915,h,
Taraxacum sect. erythrosperma,9205450,h,
Taraxacum sect. obliqua,9205451,h,
Taraxacum sect. spectabilia,9205453,h,
Taraxacum sect. vulgaria,9205454,h,
Taraxacum silesiacum (ery),9203917,h,
Taraxacum spilophyllum (tar),9203920,h,
Taraxacum stictophyllum (spe),9203922,h,
Taraxacum subcyanolepis (tar),9203923,h,
Taraxacum sublaciniosum (tar),9203924,h,
Taraxacum sublaeticolor (tar),9203925,h,
Taraxacum subundulatum (tar),9203927,h,
Taraxacum tenebricans (tar),9203930,h,
Taraxacum tortilobum (ery),9204027,h,
Taraxacum unguilobum (spe),9203931,h,
Taraxacum xanthostigma (tar),9203933,h,
Taxus baccata,9202039,t,am
Teesdalia nudicaulis,9202041,h,
Telekia speciosa,9204401,h,
Tephroseris integrifolia,9205397,h,
Tephroseris integrifolia subsp.integrifolia,9201898,h,
Tephroseris palustris,9201893,h,
Tetragonolobus maritimus,9202042,h,
Teucrium botrys,9202043,h,
Teucrium chamaedrys,9202044,h,
Teucrium scordium,9202045,h,
Teucrium scorodonia,9202046,h,
Thalictrum alpinum,9202047,h,
Thalictrum flavum,9202048,h,
Thalictrum minus,9202049,h,
Thalitrichum sp.,9205285,h,
Thelypteris palustris,9102052,h,
Thesium humifusum,9202055,h,
Thlaspi arvense,9202058,h,n
Thlaspi caerulescens,9202057,h,n
Thlaspi perfoliatum,9202059,h,n
Thlaspi sp.,200001667,h,
Thuja plicata,9202403,t,am
Thuja spp.,9205288,t,am
Thymus polytrichus,9202060,h,
Thymus praecox/serpyllum,200001588,h,
Thymus pulegioides,9202061,h,
Thymus serpyllum,9202062,h,
Tilia cordata,9202063,t,em
Tilia platyphyllos,9202064,t,em
Tilia sp.,9205289,t,em
Tilia x vulgaris,9202065,t,em
Tofieldia pusilla,9202066,h,
Tolmiea menziesii,9202436,h,
Tordylium maximum,9202067,h,
Torilis arvensis,9202068,h,
Torilis japonica,9202069,h,
Torilis nodosa,9202070,h,
Torilis sp.,200001668,h,
Trachystemon orientalis,9202071,h,
Tragopogon porrifolius,9202073,h,
Tragopogon pratensis,9202074,h,
Tragopogon sp.,200001677,h,
Trichomanes speciosum,9102075,h,
Trichophorum alpinum,9201859,h,
Trichophorum cespitosum,9201858,h,
Trientalis europaea,9202076,h,
Trifolium arvense,9202077,h,
Trifolium aureum,9202078,h,
Trifolium bocconei,9202079,h,
Trifolium campestre,9202080,h,
Trifolium dubium,9202081,h,
Trifolium fragiferum,9202083,h,
Trifolium glomeratum,9202084,h,
Trifolium hybridum,9205459,h,
Trifolium incarnatum,9207649,h,
Trifolium incarnatum subsp.incarnatum,9202086,h,
Trifolium incarnatum subsp.molinerii,9202089,h,
Trifolium medium,9202087,h,
Trifolium micranthum,9202088,h,
Trifolium occidentale,9202268,h,
Trifolium ochroleucon,9202090,h,
Trifolium ornithopodioides,9202103,h,
Trifolium pratense,9202091,h,
Trifolium pratense/medium,200001503,h,
Trifolium repens,9202092,h,
Trifolium resupinatum,9202093,h,
Trifolium scabrum,9202094,h,
Trifolium seedling/sp,9205298,h,
Trifolium squamosum,9202095,h,
Trifolium stellatum,9202096,h,
Trifolium striatum,9202097,h,
Trifolium strictum,9202098,h,
Trifolium subterraneum,9202099,h,
Trifolium suffocatum,9202100,h,
Triglochin maritimum,9202101,h,
Triglochin palustre,9202102,h,
Triglochin sp.,200001669,h,
Trinia glauca,9202104,h,
Tripleurospermum inodorum,9201241.1,h,
Tripleurospermum maritimum sens.lat.,9201241,h,
Tripleurospermum maritimum/inodorum,200001597,h,
Trisetum flavescens,9202105,h,
Tristagma uniflorum,9204393,h,
Triticum aestivum,9204367,h,
Triticum sp.,9205303,h,
Trollius europaeus,9202106,h,
Tsuga heterophylla,9202404,t,em
Tuberaria guttata,920956,h,
Tulipa sp.,9205309,h,
Tulipa sylvestris,9202107,h,
Turgenia latifolia,920437,h,
Tussilago farfara,9202109,h,
Typha angustifolia,9202110,h,
Typha latifolia,9202111,h,
Ulex europaeus,9202112,s,am
Ulex gallii,9202113,s,am
Ulex minor,9202114,s,am
Ulex minor/gallii,200001415,s,am
Ulex sp.,200001670,s,am
Ulex sp./seedling,9205313,s,am
Ulmus glabra,9202119,t,am
Ulmus minor (c),9202115,t,am
Ulmus plotii,9202121,t,am
Ulmus procera,9202122,t,am
Ulmus sp.,9204314,t,am
Umbilicus rupestris,9202125,h,
Urtica dioica,9202126,h,
Urtica pilulifera,9202127,h,
Urtica urens,9202128,h,
Utricularia australis,9202131,h,
Utricularia intermedia sens.lat.,9202129,h,
Utricularia minor,9202130,h,
Utricularia ochroleuca,9204334,h,
Utricularia sp.,9205316,h,
Utricularia stygia,9204335,h,
Utricularia vulgaris sens.lat.,9202132,h,
Vaccinium macrocarpon,9201417,s,er
Vaccinium microcarpum,9201418,s,er
Vaccinium myrtillus,9202136,s,er
Vaccinium myrtillus x vitis-idaea (V. x intermedium),9202135,s,er
Vaccinium oxycoccos,9201419,s,er
Vaccinium uliginosum,9202137,s,er
Vaccinium vitis-idaea,9202138,s,er
Valeriana dioica,9202139,h,
Valeriana officinalis,9202140,h,
Valeriana pyrenaica,9202141,h,
Valeriana sp.,200001671,h,
Valerianella carinata,9202142,h,
Valerianella dentata,9202143,h,
Valerianella eriocarpa,9202144,h,
Valerianella locusta,9202145,h,
Valerianella rimosa,9202146,h,
Valerianella sp.,200001672,h,
Vallisneria spiralis,9202147,h,
Verbascum blattaria,9202148,h,
Verbascum lychnitis,9202149,h,
Verbascum nigrum,9202150,h,
Verbascum phlomoides,9202151,h,
Verbascum pulverulentum,9202153,h,
Verbascum sp.,9205322,h,
Verbascum thapsus,9202157,h,
Verbascum virgatum,9202158,h,
Verbena officinalis,9202159,h,
Veronica agrestis,9202161,h,
Veronica alpina,9202162,h,
Veronica anagallis-aquatica,9202163,h,
Veronica arvensis,9202165,h,
Veronica beccabunga,9202166,h,
Veronica catenata,9202167,h,
Veronica chamaedrys,9202168,h,
Veronica filiformis,9202169,h,
Veronica fruticans,9202170,h,
Veronica hederifolia,9202171,h,
Veronica montana,9202172,h,
Veronica officinalis,9202173,h,
Veronica peregrina,9202174,h,
Veronica persica,9202175,h,
Veronica polita,9202176,h,
Veronica praecox,9202177,h,
Veronica scutellata,9202179,h,
Veronica seedling/sp,9204563,h,
Veronica serpyllifolia,9202180,h,
Veronica serpyllifolia subsp.humifusa,9202180.1,h,
Veronica spicata,9202181,h,
Veronica triphyllos,9202182,h,
Veronica verna,9202183,h,
Viburnum lantana,9202184,h,
Viburnum opulus,9202185,h,
Viburnum tinus,9204370,h,
Vicia bithynica,9202187,h,
Vicia cracca,9202189,h,
Vicia hirsuta,9202191,h,
Vicia lathyroides,9202194,h,
Vicia lutea,9202195,h,
Vicia orobus,9202196,h,
Vicia parviflora,9202201,h,
Vicia sativa,9202516,h,
Vicia sativa subsp.nigra,9202186,h,
Vicia sativa subsp.sativa,9202197,h,
Vicia sativa subsp.segetalis,9202649,h,
Vicia seedling/sp,9204564,h,
Vicia sepium,9202198,h,
Vicia sylvatica,9202199,h,
Vicia tenuifolia,9202200,h,
Vicia tetrasperma,9202202,h,
Vicia tetrasperma/tenuissima,200001600,h,
Vicia villosa,9202203,h,
Vinca major,9202204,h,
Vinca minor,9202205,h,
Viola arvensis,9202206,h,
Viola canina,9202207,h,
Viola cornuta,9202437,h,
Viola hirta,9202210,h,
Viola kitaibeliana,9202213,h,
Viola lactea,9202211,h,
Viola lactea x riviniana,9202685,h,
Viola lutea,9202212,h,
Viola odorata,9202214,h,
Viola palustris,9202215,h,
Viola persicifolia,9202216,h,
Viola reichenbachiana,9202217,h,
Viola riviniana,9202218,h,
Viola riviniana x rupestris (V. x burnatii),9202682,h,
Viola riviniana/reichenbiana,200001595,h,
Viola rupestris,9202219,h,
Viola seedling/sp,9204565,h,
Viola tricolor,9202220,h,
Viola tricolor subsp.curtisii,9202220.1,h,
Viscum album,9202223,h,
Vulpia bromoides,9202226,h,
Vulpia ciliata,9205468,h,
Vulpia ciliata subsp.ambigua,9202225,h,
Vulpia fasciculata,9202227,h,
Vulpia myuros,9202228,h,
Vulpia sp.,9205328,h,
Vulpia unilateralis,9202263,h,
Wahlenbergia hederacea,9202230,h,
Wolffia arrhiza,9202231,h,
Woodsia alpina,9102232,h,
Woodsia ilvensis,9102233,h,
Woodsia sp.,200001673,h,
x Cupressocyparis leylandii,9202967,h,
Zannichellia palustris,9202237,h,
Zostera angustifolia,9202238,h,
Zostera marina,9202239,h,
Zostera noltii,9202240,h,
