,BRC,BRC names,P1,LF1,W,Tjan,Tjul,Prec,Br Habitats,L,F,R,N,S
0,920816.0,Festuca gigantea,p,hc,h,3.6,15.1,981.0,1,5.0,6.0,7.0,7.0,0.0
1,9101619.0,Pteridium aquilinum,p,Gn,h,3.5,14.5,1109.0,"1, 9",6.0,5.0,3.0,3.0,0.0
2,9201188.0,Lonicera periclymenum,p,Ph,w,3.6,14.5,1102.0,1,5.0,6.0,5.0,5.0,0.0
3,9201728.0,Rubus fruticosus agg.,p,Pn,w,3.6,14.6,1089.0,"1, 3",6.0,6.0,6.0,6.0,0.0
4,9205.0,Acer pseudoplatanus,p,Ph,w,3.6,14.6,1083.0,"1, 3, 17",4.0,5.0,6.0,6.0,0.0
5,920878.0,Galium saxatile,p,hc,h,3.5,14.3,1148.0,"8, 9",6.0,6.0,3.0,3.0,0.0
6,9202010.0,Stellaria holostea,p,Ch,h,3.5,14.7,1058.0,1,5.0,5.0,6.0,6.0,0.0
7,9204445.0,Betula seedling/sp,,,,,,,,,,,,
8,920607.0,Dactylis glomerata,p,hc,h,3.6,14.5,1091.0,"5, 6",7.0,5.0,7.0,6.0,0.0
9,200001595.0,Viola riviniana/reichenbiana,,,,,,,,,,,,
10,920432.0,Castanea sativa,p,Ph,w,3.6,15.2,950.0,1,5.0,5.0,5.0,5.0,0.0
11,920984.0,Holcus mollis,p,hc,h,3.4,14.5,1101.0,"1, 3, 9",6.0,6.0,3.0,3.0,0.0
12,920862.0,Lamiastrum galeobdolon,p,Ch,h,3.7,15.8,855.0,1,4.0,5.0,7.0,6.0,0.0
13,92046.0,Ajuga reptans,p,hc,h,3.4,14.6,1095.0,1,5.0,7.0,5.0,5.0,0.0
14,9201207.0,Luzula pilosa,p,hc,h,3.2,14.4,1127.0,"1, 2",5.0,5.0,5.0,3.0,0.0
15,9201705.0,Rosa seedling/sp,,,,,,,,,,,,
16,92035.0,Agrostis canina sens.lat.,p,hc,h,3.4,14.3,1145.0,"8, 11",7.0,6.0,3.0,3.0,0.0
17,920873.0,Galium aparine,a,Th,h,3.6,14.6,1080.0,"3, 4, 17",6.0,6.0,7.0,8.0,0.0
18,920628.0,Deschampsia flexuosa,p,hc,h,3.2,14.1,1177.0,"8, 10",6.0,5.0,2.0,3.0,0.0
19,200001583.0,Dryopteris dilatata/carthusiana,,,,,,,,,,,,
20,92040.0,Agrostis capillaris,p,hc,h,3.5,14.5,1104.0,8,6.0,5.0,4.0,4.0,0.0
21,920250.0,Brachypodium sylvaticum,p,hc,h,3.7,14.7,1062.0,1,6.0,5.0,6.0,5.0,0.0
22,920925.0,Geum urbanum,p,hc,h,3.6,14.7,1044.0,1,4.0,6.0,7.0,7.0,0.0
23,9202185.0,Viburnum opulus,p,Ph,w,3.6,15.0,1019.0,1,6.0,7.0,6.0,6.0,0.0
24,9204446.0,Quercus seedling/sp,,,,,,,,,,,,
25,920627.0,Deschampsia cespitosa,p,hc,h,3.5,14.4,1099.0,"1, 6",6.0,6.0,5.0,4.0,0.0
26,910665.0,Dryopteris filix-mas,p,hc,h,3.5,14.5,1096.0,"1, 2",5.0,6.0,5.0,5.0,0.0
27,920569.0,Crataegus monogyna,p,Ph,w,3.6,14.7,1073.0,"1, 3",6.0,5.0,7.0,6.0,0.0
28,9201259.0,Silene dioica,p,hc,h,3.4,14.6,1065.0,1,5.0,6.0,6.0,7.0,0.0
29,9202126.0,Urtica dioica,p,hc,h,3.6,14.5,1102.0,"3, 5, 14, 17",6.0,6.0,7.0,8.0,0.0
30,920513.0,Circaea lutetiana,p,Gn,h,3.7,14.9,1041.0,1,4.0,6.0,7.0,6.0,0.0
31,9201607.0,Primula vulgaris,p,hc,h,3.5,14.5,1108.0,"1, 16",5.0,5.0,6.0,4.0,0.0
32,9202172.0,Veronica montana,p,Ch,h,3.6,14.9,1029.0,1,4.0,6.0,6.0,6.0,0.0
33,92039.0,Agrostis stolonifera,p,hc,h,3.6,14.5,1101.0,"4, 5, 6",7.0,6.0,7.0,6.0,1.0
34,920467.0,Cerastium fontanum,p,Ch,h,3.5,14.4,1106.0,"5, 6",7.0,5.0,5.0,4.0,0.0
35,920841.0,Fraxinus excelsior (c),p,Ph,w,3.6,14.7,1069.0,1,5.0,6.0,7.0,6.0,0.0
36,9201011.0,Hypericum humifusum,p,Ch,h,3.6,14.8,1085.0,3,7.0,6.0,4.0,3.0,0.0
37,9201023.0,Ilex aquifolium,p,Ph,w,3.6,14.7,1079.0,1,5.0,5.0,5.0,5.0,0.0
38,920183.0,Galium odoratum,p,hc,h,3.4,14.7,1086.0,1,3.0,5.0,7.0,6.0,0.0
39,9201413.0,Oxalis acetosella,p,hc,h,3.4,14.4,1138.0,"1, 2, 16",4.0,6.0,4.0,4.0,0.0
40,9201263.0,Melica uniflora,p,hc,h,3.5,15.0,1015.0,1,4.0,5.0,7.0,5.0,0.0
41,920868.0,Galeopsis tetrahit agg.,a,Th,h,3.5,14.5,1073.0,"3, 4",7.0,5.0,6.0,6.0,0.0
42,9201617.0,Prunus spinosa,p,Ph,w,3.7,14.8,1032.0,3,6.0,5.0,7.0,6.0,1.0
43,9201660.0,Ranunculus repens,p,hc,h,3.5,14.5,1105.0,"3, 5, 6",6.0,7.0,6.0,7.0,0.0
44,9201067.0,Juncus effusus,p,hc,h,3.5,14.4,1108.0,"8, 11",7.0,7.0,4.0,4.0,0.0
45,920109.0,Angelica sylvestris,p,hc,h,3.5,14.4,1109.0,"11, 16",7.0,8.0,6.0,5.0,0.0
46,920412.0,Carex remota,p,hc,h,3.7,14.8,1063.0,"1, 14",4.0,8.0,6.0,6.0,0.0
47,920882.0,Galium palustre,p,hc,h,3.5,14.5,1105.0,11,7.0,9.0,5.0,4.0,0.0
48,920421.0,Carex sylvatica,p,hc,h,3.6,14.8,1050.0,1,4.0,5.0,6.0,5.0,0.0
49,920931.0,Glechoma hederacea,p,hc,h,3.6,14.9,1001.0,"1, 3",6.0,6.0,7.0,7.0,0.0
50,920687.0,Hyacinthoides non-scripta,p,Gb,h,3.6,14.6,1092.0,"1, 9",5.0,5.0,5.0,6.0,0.0
51,920838.0,Fragaria vesca,p,hc,h,3.5,14.6,1091.0,"1, 7",6.0,5.0,6.0,4.0,0.0
52,920952.0,Hedera helix,p,Ph,w,3.6,14.6,1086.0,"1, 3",4.0,5.0,7.0,6.0,0.0
53,9201596.0,Potentilla sterilis,p,hc,h,3.6,14.7,1071.0,1,5.0,5.0,5.0,5.0,0.0
54,9201819.0,Sanicula europaea,p,hc,h,3.5,14.7,1090.0,1,4.0,5.0,7.0,5.0,0.0
55,9202168.0,Veronica chamaedrys,p,Ch,h,3.5,14.5,1095.0,"1, 3, 6",6.0,5.0,6.0,5.0,0.0
56,9201748.0,Rumex obtusifolius,p,hc,h,3.6,14.5,1100.0,"3, 5, 17",7.0,5.0,7.0,9.0,0.0
57,9201951.0,Solidago virgaurea,p,hc,h,3.4,14.2,1217.0,"10, 16",5.0,5.0,4.0,3.0,0.0
58,920544.0,Convolvulus arvensis,p,Gn,h,3.8,15.2,929.0,"3, 4",7.0,4.0,8.0,6.0,0.0
59,9201694.0,Ribes nigrum,p,Pn,w,3.4,14.9,995.0,"1, 3, 14",5.0,9.0,6.0,6.0,0.0
60,9201696.0,Ribes rubrum,p,Pn,w,3.3,15.1,944.0,1,5.0,7.0,7.0,6.0,0.0
61,920810.0,Fagus sylvatica,p,Ph,w,3.5,14.7,1061.0,1,3.0,5.0,5.0,5.0,0.0
62,920695.0,Epilobium montanum,p,hc,h,3.5,14.5,1091.0,"3, 16, 17",6.0,6.0,6.0,6.0,0.0
63,920477.0,Chamerion angustifolium,p,Gn,h,3.4,14.5,1075.0,"3, 17",6.0,5.0,6.0,5.0,0.0
64,920515.0,Cirsium arvense,p,Gn,h,3.6,14.5,1092.0,"3, 4, 5, 6",8.0,6.0,7.0,6.0,0.0
65,920983.0,Holcus lanatus,p,hc,h,3.5,14.4,1106.0,"5, 6",7.0,6.0,6.0,5.0,0.0
66,9201210.0,Lychnis flos-cuculi,p,hc,h,3.5,14.5,1095.0,11,7.0,9.0,6.0,4.0,0.0
67,9201225.0,Lysimachia vulgaris,p,hc,h,3.7,15.2,943.0,11,7.0,9.0,7.0,5.0,0.0
68,9201495.0,Poa annua,a,Th,h,3.5,14.5,1105.0,"3, 4, 5, 6",7.0,5.0,6.0,7.0,1.0
69,9201610.0,Prunella vulgaris,p,hc,h,3.5,14.4,1106.0,"6, 7",7.0,5.0,6.0,4.0,0.0
70,9201642.0,Ranunculus acris,p,hc,h,3.5,14.4,1106.0,"5, 6",7.0,6.0,6.0,4.0,0.0
71,9201865.0,Scrophularia auriculata,p,hc,h,3.9,15.4,918.0,"11, 14",7.0,8.0,7.0,7.0,0.0
72,9202005.0,Stachys sylvatica,p,hc,h,3.6,14.7,1064.0,3,6.0,6.0,7.0,8.0,0.0
73,9204539.0,Leontodon sp.,,,,,,,,,,,,
74,200001584.0,Hypochoeris spp.,,,,,,,,,,,,
75,9201960.0,Sorbus aucuparia,p,Ph,w,3.4,14.4,1128.0,"1, 2, 16",6.0,6.0,3.0,4.0,0.0
76,920705.0,Epipactis helleborine,p,Gn,h,3.6,15.3,946.0,"1, 7",4.0,5.0,7.0,4.0,0.0
77,9201729.0,Rubus idaeus,p,Pn,w,3.4,14.5,1095.0,1,6.0,5.0,5.0,5.0,0.0
78,920404.0,Carex pendula,p,hc,h,3.9,15.3,928.0,"1, 14",5.0,8.0,7.0,6.0,0.0
79,920520.0,Cirsium palustre,b,hc,h,3.5,14.5,1105.0,"11, 14",7.0,8.0,5.0,4.0,0.0
80,9201014.0,Hypericum perforatum,p,hc,h,3.6,15.1,951.0,7,7.0,4.0,7.0,5.0,0.0
81,920918.0,Geranium robertianum,b,hc,h,3.5,14.6,1092.0,"1, 16",5.0,6.0,6.0,6.0,0.0
82,9201947.0,Solanum dulcamara,p,Pn,sw,3.8,15.2,945.0,"3, 11, 14",7.0,8.0,7.0,7.0,0.0
83,920444.0,Centaurea nigra,p,hc,h,3.6,14.5,1093.0,"6, 7",7.0,5.0,6.0,5.0,0.0
84,9201867.0,Scrophularia nodosa,p,hc,h,3.6,14.7,1069.0,"1, 3",5.0,6.0,7.0,6.0,0.0
85,200001593.0,Poa nemoralis/trivialis,,,,,,,,,,,,
86,920640.0,Digitalis purpurea,b,hc,h,3.5,14.5,1120.0,"8, 9",6.0,6.0,4.0,5.0,0.0
87,9201291.0,Mercurialis perennis,p,hc,h,3.2,14.8,1045.0,1,3.0,6.0,7.0,7.0,0.0
88,9202173.0,Veronica officinalis,p,Ch,h,3.4,14.4,1125.0,"7, 8",6.0,5.0,4.0,4.0,0.0
89,920309.0,Calluna vulgaris,p,Ch,w,3.5,14.3,1157.0,"10, 12",7.0,6.0,2.0,2.0,0.0
90,9202136.0,Vaccinium myrtillus,p,Ch,w,3.3,13.9,1243.0,"10, 16",6.0,6.0,2.0,2.0,0.0
91,910244.0,Blechnum spicant,p,hc,h,3.5,14.1,1198.0,"1, 2, 10, 16",5.0,6.0,3.0,3.0,0.0
92,9201307.0,Molinia caerulea,p,hc,h,3.5,14.2,1179.0,12,7.0,8.0,3.0,2.0,0.0
93,9202560.0,Hieracium 'indeterminate',,,,,,,,,,,,
94,9201221.0,Lysimachia nemorum,p,Ch,h,3.4,14.4,1150.0,1,5.0,7.0,4.0,5.0,0.0
95,9202039.0,Taxus baccata,p,Ph,w,3.5,15.1,976.0,1,4.0,4.0,7.0,5.0,0.0
96,9201815.0,Sambucus nigra,p,Ph,w,3.6,14.7,1061.0,"3, 17",6.0,5.0,7.0,7.0,0.0
97,9201954.0,Sonchus oleraceus,a,Th,h,3.7,14.8,1031.0,"3, 4",7.0,5.0,7.0,7.0,0.0
98,9202046.0,Teucrium scorodonia,p,hc,h,3.5,14.5,1150.0,"1, 9, 16",6.0,4.0,4.0,3.0,0.0
99,200001670.0,Ulex sp.,,,,,,,,,,,,
100,920100.0,Anagallis tenella,p,hc,h,4.0,14.6,1139.0,11,8.0,8.0,5.0,3.0,0.0
101,920328.0,Cardamine flexuosa,p,hc,h,3.5,14.5,1110.0,1,5.0,7.0,6.0,6.0,0.0
102,2000070.0,Cardamine hirsuta/flexuosa,,,,,,,,,,,,
103,9202012.0,Stellaria media,a,Th,h,3.6,14.5,1095.0,"3, 4, 5",7.0,5.0,6.0,7.0,0.0
104,9201487.0,Plantago lanceolata,p,hc,h,3.5,14.5,1105.0,"5, 6, 7",7.0,5.0,6.0,4.0,0.0
105,9201504.0,Poa nemoralis,p,hc,h,3.2,14.8,1015.0,1,4.0,5.0,6.0,5.0,0.0
106,9201507.0,Poa trivialis,p,hc,h,3.6,14.5,1095.0,"1, 3, 5, 6",7.0,6.0,6.0,6.0,0.0
107,920169.0,Arrhenatherum elatius,p,hc,h,3.6,14.5,1089.0,"3, 6",7.0,5.0,7.0,7.0,0.0
108,920503.0,Tanacetum parthenium,p,Ch,h,3.5,14.9,980.0,"3, 17",7.0,4.0,7.0,6.0,0.0
109,920572.0,Crepis capillaris,a,Th,h,3.6,14.6,1074.0,7,7.0,4.0,7.0,4.0,0.0
110,9201104.0,Lapsana communis,a,Th,h,3.6,14.7,1059.0,"3, 17",6.0,4.0,7.0,7.0,0.0
111,9201194.0,Lotus pedunculatus,p,hc,h,3.6,14.7,1072.0,11,7.0,8.0,6.0,4.0,0.0
112,920150.0,Arctium agg.,,,,,,,,,,,,
113,920522.0,Cirsium vulgare,b,hc,h,3.5,14.5,1103.0,"3, 5, 6, 7",7.0,5.0,6.0,6.0,0.0
114,920692.0,Epilobium hirsutum,p,hc,h,3.8,15.0,971.0,"11, 14",7.0,8.0,7.0,7.0,0.0
115,920968.0,Heracleum sphondylium,b,hc,h,3.6,14.5,1088.0,"3, 6",7.0,5.0,7.0,7.0,0.0
116,9201735.0,Rumex acetosella,p,hc,h,3.5,14.4,1110.0,"8, 9, 16",7.0,5.0,4.0,3.0,0.0
117,92036.0,Agrostis gigantea,p,hc,h,3.6,15.3,889.0,"3, 4",7.0,6.0,6.0,7.0,0.0
118,920272.0,Bromopsis ramosa,p,hc,h,3.5,14.9,995.0,1,4.0,6.0,7.0,7.0,0.0
119,9201687.0,Rhododendron ponticum,p,Ph,w,3.5,14.6,1111.0,"1, 10, 16",5.0,5.0,3.0,3.0,0.0
120,9201637.0,Quercus ilex,p,Ph,w,4.1,15.9,824.0,"1, 17, 19",6.0,3.0,7.0,4.0,1.0
121,9201015.0,Hypericum pulchrum,p,hc,h,3.5,14.3,1148.0,"10, 16",6.0,5.0,4.0,3.0,0.0
122,910211.0,Athyrium filix-femina,p,hc,h,3.5,14.4,1132.0,"1, 16",5.0,7.0,5.0,6.0,0.0
123,920726.0,Erica cinerea,p,Ch,w,3.5,14.0,1226.0,10,7.0,5.0,2.0,2.0,0.0
124,9101544.0,Polypodium vulgare sens.lat.,p,hc,h,3.5,14.4,1133.0,1,5.0,5.0,5.0,3.0,0.0
125,920924.0,Geum rivale,p,hc,h,2.9,14.0,1196.0,"1, 16",6.0,7.0,6.0,4.0,0.0
126,9201741.0,Rumex conglomeratus,p,hc,h,3.9,15.2,953.0,"11, 14",8.0,8.0,7.0,7.0,0.0
127,9201899.0,Senecio jacobaea,p,hc,h,3.6,14.5,1102.0,"3, 6, 7, 8",7.0,4.0,6.0,4.0,0.0
128,920763.0,Eupatorium cannabinum,p,hc,h,3.9,15.2,974.0,11,7.0,8.0,6.0,7.0,0.0
129,9202032.0,Tamus communis,p,Gn,h,3.8,15.7,850.0,"1, 3",6.0,5.0,7.0,6.0,0.0
130,920821.0,Festuca ovina agg.,p,hc,h,3.5,14.4,1118.0,"7, 8",7.0,5.0,4.0,2.0,0.0
131,920231.0,Bellis perennis,p,hc,h,3.5,14.5,1105.0,"5, 6",8.0,5.0,6.0,4.0,0.0
132,9201488.0,Plantago major,p,hc,h,3.5,14.5,1102.0,"3, 5",7.0,5.0,6.0,7.0,0.0
133,9205207.0,Sagina sp.,,,,,,,,,,,,
134,920121.0,Anthoxanthum odoratum,p,hc,h,3.5,14.4,1106.0,6,7.0,6.0,4.0,3.0,0.0
135,9201734.0,Rumex acetosa,p,hc,h,3.5,14.4,1105.0,"5, 6",7.0,5.0,5.0,4.0,0.0
136,9202092.0,Trifolium repens,p,hc,h,3.5,14.5,1105.0,"5, 6",7.0,5.0,6.0,6.0,0.0
137,9201057.0,Juncus bufonius sens.lat.,a,Th,h,3.5,14.5,1105.0,"3, 11, 13, 14",7.0,7.0,6.0,5.0,1.0
138,9201725.0,Rubia peregrina,p,hc,sw,5.2,15.7,1031.0,1,6.0,4.0,8.0,5.0,0.0
139,9205155.0,Picea sp,,,,,,,,,,,,
140,9101548.0,Polystichum setiferum,p,hc,h,4.1,15.0,1032.0,1,4.0,5.0,5.0,6.0,0.0
141,920105.0,Anemone nemorosa,p,Gn,h,3.3,14.5,1113.0,"1, 16",5.0,6.0,5.0,4.0,0.0
142,92075.0,Allium ursinum,p,Gb,h,3.5,14.8,1065.0,1,4.0,6.0,7.0,7.0,0.0
143,9201010.0,Hypericum hirsutum,p,hc,h,3.3,15.3,832.0,"6, 7",6.0,5.0,7.0,5.0,0.0
144,9202034.0,Taraxacum agg.,p,hc,h,3.5,14.5,1104.0,"3, 5, 17",7.0,5.0,7.0,6.0,1.0
145,920176.0,Arum maculatum,p,Gn,h,3.9,15.3,931.0,1,4.0,5.0,7.0,7.0,0.0
146,920557.0,Corylus avellana,p,Ph,w,3.5,14.6,1094.0,"1, 3",4.0,5.0,6.0,6.0,0.0
147,9203.0,Acer campestre,p,Ph,w,3.6,15.7,839.0,"1, 3",5.0,5.0,7.0,6.0,0.0
148,920541.0,Conopodium majus,p,Gn,h,3.5,14.5,1102.0,"1, 6",6.0,5.0,5.0,5.0,0.0
149,920824.0,Festuca rubra agg.,p,hc,h,3.5,14.5,1104.0,"3, 5, 6, 21",8.0,5.0,6.0,5.0,2.0
150,9202198.0,Vicia sepium,p,hc,h,3.5,14.5,1095.0,"3, 6",6.0,5.0,6.0,6.0,0.0
151,9202122.0,Ulmus procera,p,Ph,w,3.7,15.8,819.0,3,5.0,5.0,8.0,6.0,0.0
152,920875.0,Cruciata laevipes,p,hc,h,3.2,15.2,892.0,6,6.0,5.0,7.0,5.0,0.0
153,9204542.0,Myosotis seedling/sp,,,,,,,,,,,,
154,910185.0,Asplenium sp ,p,hc,h,3.7,14.6,1110.0,"3, 16",6.0,4.0,5.0,5.0,0.0
155,9101546.0,Polystichum aculeatum,p,hc,h,3.2,14.4,1145.0,"1, 16",5.0,5.0,7.0,5.0,0.0
156,920548.0,Cornus sanguinea,p,Ph,w,3.7,15.8,810.0,"1, 3",7.0,5.0,7.0,6.0,0.0
157,9204528.0,Dactylorhiza sp.,,,,,,,,,,,,
158,920325.0,Capsella bursa-pastoris,a,Th,h,3.6,14.6,1073.0,"4, 17",7.0,5.0,7.0,7.0,0.0
159,9201183.0,Lolium perenne,p,hc,h,3.6,14.5,1096.0,"3, 5, 6",8.0,5.0,6.0,6.0,0.0
160,9207.0,Achillea millefolium,p,Ch,h,3.5,14.5,1103.0,"5, 6",7.0,5.0,6.0,4.0,1.0
161,9201522.0,Polygonum aviculare agg.,a,Th,h,3.6,14.6,1073.0,"3, 4, 17",7.0,5.0,7.0,6.0,0.0
162,920777.0,Euphorbia peplus,a,Th,h,3.8,15.1,950.0,"4, 17",7.0,4.0,7.0,6.0,0.0
163,920833.0,Filipendula ulmaria,p,hc,h,3.5,14.5,1105.0,11,7.0,8.0,6.0,5.0,0.0
164,9201905.0,Senecio vulgaris,a,Th,h,3.6,14.6,1075.0,"3, 4, 17",7.0,5.0,7.0,7.0,0.0
165,9207006.0,Elymus caninus,p,hc,h,3.3,14.9,981.0,"1, 3",7.0,6.0,7.0,8.0,0.0
166,9202247.0,Phleum pratense sens.lat.,p,hc,h,3.5,14.7,1047.0,"3, 5, 6",8.0,5.0,7.0,6.0,0.0
167,9201209.0,Luzula sylvatica,p,hc,h,3.3,14.1,1208.0,"1, 16",5.0,5.0,4.0,4.0,0.0
168,9201173.0,Listera ovata,p,Gn,h,3.6,14.8,1001.0,"1, 11",6.0,5.0,7.0,5.0,0.0
169,9201256.0,Melampyrum pratense,a,Th,h,3.2,14.3,1220.0,"1, 2",5.0,5.0,2.0,3.0,0.0
170,9201516.0,Polygonatum multiflorum,p,Gn,h,3.6,16.0,829.0,1,4.0,5.0,7.0,6.0,0.0
171,9201296.0,Milium effusum,p,hc,h,3.6,15.3,928.0,1,4.0,5.0,6.0,5.0,0.0
172,92019.0,Adoxa moschatellina,p,Gn,h,3.3,14.9,1005.0,1,4.0,5.0,6.0,5.0,0.0
173,9201493.0,Platanthera chlorantha,p,Gn,h,3.4,14.7,1147.0,"1, 6",5.0,5.0,7.0,4.0,0.0
174,9202140.0,Valeriana officinalis,p,hc,h,3.4,14.5,1115.0,11,6.0,8.0,6.0,5.0,0.0
175,9202199.0,Vicia sylvatica,p,hc,h,3.1,14.3,1119.0,"1, 3, 16",7.0,5.0,7.0,5.0,0.0
176,920764.0,Euphorbia amygdaloides,p,Ch,h,4.1,16.1,827.0,1,4.0,5.0,6.0,6.0,0.0
177,920528.0,Clematis vitalba,p,Ph,w,4.0,16.0,815.0,3,6.0,4.0,8.0,5.0,0.0
178,920914.0,Geranium pratense,p,hc,h,3.0,14.9,922.0,6,7.0,6.0,7.0,7.0,0.0
179,9202189.0,Vicia cracca,p,hc,h,3.6,14.5,1083.0,"3, 11",7.0,6.0,7.0,5.0,0.0
180,9201305.0,Moehringia trinervia,a,Th,h,3.5,15.0,982.0,1,4.0,5.0,7.0,6.0,0.0
181,920323.0,Campanula trachelium,p,hc,h,3.6,16.0,753.0,1,4.0,5.0,7.0,6.0,0.0
182,9204328.0,Mimulus guttatus,p,hc,h,3.2,14.5,1020.0,"13, 14",7.0,9.0,6.0,6.0,0.0
183,9201242.0,Matricaria discoidea,a,Th,h,3.6,14.5,1086.0,"3, 4",7.0,5.0,7.0,7.0,0.0
184,9202180.0,Veronica serpyllifolia,p,hc,h,3.5,14.5,1104.0,"3, 5, 11",7.0,5.0,6.0,5.0,0.0
185,9201219.0,Lycopus europaeus,p,hc,h,3.8,15.2,995.0,11,7.0,8.0,7.0,6.0,0.0
186,9201236.0,Malva sylvestris,p,hc,h,3.8,15.3,899.0,"3, 17",8.0,4.0,8.0,7.0,0.0
187,9201615.0,Prunus laurocerasus,p,Ph,w,3.8,15.3,953.0,"1, 17",4.0,6.0,5.0,6.0,0.0
188,9202119.0,Ulmus glabra,p,Ph,w,3.4,14.7,1056.0,1,4.0,5.0,7.0,6.0,0.0
189,9201144.0,Ligustrum vulgare,p,Pn,w,3.7,15.7,865.0,"1, 3",6.0,5.0,7.0,5.0,0.0
190,920237.0,Stachys officinalis,p,hc,h,3.6,15.4,940.0,"6, 7",7.0,5.0,5.0,3.0,0.0
191,9201594.0,Potentilla reptans,p,hc,h,3.8,15.1,959.0,6,7.0,5.0,7.0,5.0,0.0
192,9101466.0,Phyllitis scolopendrium,p,hc,h,3.8,14.8,1048.0,"1, 16",4.0,5.0,7.0,5.0,0.0
193,9201315.0,Mycelis muralis,p,hc,h,3.3,15.2,944.0,"1, 16",4.0,5.0,7.0,5.0,0.0
194,910194.0,Asplenium trichomanes,p,hc,h,3.6,14.5,1121.0,"3, 16, 17",5.0,3.0,8.0,2.0,0.0
195,9202210.0,Viola hirta,p,hc,h,3.7,15.7,795.0,7,7.0,4.0,8.0,2.0,0.0
196,9202214.0,Viola odorata,p,hc,h,3.8,15.7,833.0,7,5.0,5.0,7.0,7.0,0.0
197,920355.0,Carex caryophyllea,p,hc,h,3.4,14.7,1079.0,7,7.0,4.0,7.0,2.0,0.0
198,920883.0,Galium sp ,,,,,,,,,,,,
199,92085.0,Alopecurus pratensis,p,hc,h,3.5,14.7,1032.0,6,7.0,5.0,6.0,7.0,0.0
200,920597.0,Cynosurus cristatus,p,hc,h,3.5,14.5,1103.0,"5, 6",7.0,5.0,6.0,4.0,0.0
201,9201087.0,Koeleria macrantha,p,hc,h,3.7,14.7,989.0,7,8.0,4.0,7.0,2.0,0.0
202,9202091.0,Trifolium pratense,p,hc,h,3.6,14.5,1100.0,"6, 7",7.0,5.0,7.0,5.0,0.0
203,9202009.0,Stellaria graminea,p,hc,h,3.5,14.6,1065.0,6,7.0,6.0,5.0,4.0,0.0
204,9201063.0,Juncus conglomeratus,p,hc,h,3.5,14.4,1117.0,11,7.0,7.0,4.0,3.0,0.0
205,9201027.0,Impatiens noli-tangere,a,Th,h,2.6,13.9,1833.0,1,4.0,7.0,7.0,6.0,0.0
206,920570.0,Crataegus laevigata,p,Ph,w,3.5,16.2,674.0,1,5.0,5.0,7.0,5.0,0.0
207,9202166.0,Veronica beccabunga,p,Hy,h,3.6,14.7,1034.0,"11, 14",7.0,10.0,6.0,6.0,0.0
208,920240.0,Betula pubescens,p,Ph,w,3.4,14.4,1123.0,1,7.0,7.0,4.0,4.0,0.0
209,920420.0,Carex strigosa,p,hc,h,3.8,15.7,841.0,"1, 14",3.0,8.0,7.0,6.0,0.0
210,9202081.0,Trifolium dubium,a,Th,h,3.6,14.6,1072.0,6,7.0,4.0,6.0,5.0,0.0
211,9201600.0,Primula elatior,p,hc,h,3.3,16.3,591.0,1,4.0,5.0,7.0,6.0,0.0
212,9201844.0,Saxifraga umbrosa,,,,,,,,,,,,
213,910712.0,Equisetum arvense,p,Gn,h,3.5,14.5,1087.0,"3, 4",7.0,6.0,6.0,6.0,0.0
214,9201026.0,Impatiens glandulifera,a,Th,h,3.7,15.1,957.0,14,6.0,8.0,7.0,7.0,0.0
215,920125.0,Anthriscus sylvestris,p,hc,h,3.6,14.6,1039.0,3,6.0,5.0,7.0,7.0,0.0
216,920576.0,Crepis paludosa,p,hc,h,2.7,13.4,1334.0,"11, 16",6.0,7.0,6.0,4.0,0.0
217,920923.0,Geum rivale x urbanum (G. x intermedium),,,,,,,,,,,,
218,9202163.0,Veronica anagallis-aquatica,a,Hz,h,3.7,15.1,899.0,"13, 14",7.0,10.0,7.0,7.0,0.0
219,920315.0,Campanula glomerata,p,hc,h,3.4,15.8,737.0,7,8.0,4.0,7.0,3.0,0.0
220,920316.0,Campanula latifolia,p,hc,h,2.9,14.6,914.0,1,4.0,5.0,7.0,6.0,0.0
221,920263.0,Bromopsis erecta,p,hc,h,3.7,15.9,764.0,7,7.0,4.0,8.0,3.0,0.0
222,920989.0,Hordelymus europaeus,p,hc,h,3.2,15.5,788.0,1,6.0,4.0,7.0,7.0,0.0
223,920219.0,Atropa belladonna,p,hc,h,3.6,16.1,717.0,"1, 3",5.0,4.0,8.0,6.0,0.0
224,9201098.0,Lamium album,p,hc,h,3.6,15.2,911.0,"3, 17",7.0,5.0,7.0,8.0,0.0
225,9201273.0,Mentha arvensis,p,hc,h,3.6,14.9,1017.0,"4, 11",6.0,7.0,7.0,6.0,0.0
226,9201117.0,Lathyrus sylvestris,p,hc,h,4.0,16.0,835.0,3,7.0,4.0,8.0,2.0,0.0
227,920617.0,Daphne laureola,p,Pn,w,3.7,16.0,760.0,1,4.0,5.0,7.0,5.0,0.0
228,9201885.0,Sedum telephium,p,hc,h,3.5,15.0,1032.0,"1, 3, 16",7.0,5.0,7.0,5.0,1.0
229,9202069.0,Torilis japonica,a,Th,h,3.7,14.9,1004.0,3,7.0,5.0,7.0,7.0,0.0
230,9201588.0,Potentilla erecta,p,hc,h,3.5,14.4,1118.0,8,7.0,7.0,3.0,2.0,0.0
231,9201584.0,Potentilla anserina,p,hc,h,3.6,14.6,1083.0,6,8.0,7.0,7.0,6.0,2.0
232,920310.0,Caltha palustris,p,hc,h,3.4,14.4,1111.0,11,7.0,9.0,6.0,4.0,0.0
233,9201191.0,Lotus corniculatus,p,hc,h,3.5,14.5,1104.0,"6, 7",7.0,4.0,6.0,2.0,1.0
234,920762.0,Euonymus europaeus,p,Ph,w,3.9,15.4,904.0,"1, 3",5.0,5.0,8.0,5.0,0.0
235,920218.0,Atriplex patula,a,Th,h,3.7,14.8,1013.0,"3, 4",7.0,5.0,7.0,7.0,2.0
236,9201697.0,Ribes uva-crispa,p,Pn,w,3.4,14.8,1006.0,"1, 3",5.0,5.0,7.0,6.0,0.0
237,9201506.0,Poa pratensis sens.lat.,p,hc,h,3.5,14.5,1102.0,"3, 5, 6, 7",7.0,5.0,6.0,5.0,1.0
238,9201537.0,Persicaria maculosa,a,Th,h,3.6,14.6,1077.0,"3, 4",7.0,6.0,6.0,7.0,0.0
239,9201530.0,Persicaria hydropiper,a,Th,h,3.7,14.8,1093.0,"11, 13, 14",7.0,7.0,6.0,6.0,0.0
240,9201698.0,Robinia pseudoacacia,p,Ph,w,3.7,16.0,748.0,"3, 17",7.0,4.0,6.0,6.0,0.0
241,9202249.0,Callitriche seedling/sp,,,,,,,,,,,,
242,9201164.0,Linaria vulgaris,p,hc,h,3.6,15.2,935.0,"3, 6",7.0,4.0,8.0,6.0,0.0
243,9201112.0,Lathyrus linifolius,p,Gn,h,3.3,14.2,1172.0,"8, 16",6.0,5.0,4.0,3.0,0.0
244,92077.0,Alnus glutinosa,p,Ph,w,3.5,14.5,1100.0,"1, 14",5.0,8.0,6.0,6.0,0.0
245,920331.0,Cardamine pratensis,p,hc,h,3.5,14.4,1104.0,"6, 11",7.0,8.0,5.0,4.0,0.0
246,920697.0,Epilobium palustre,p,hc,h,3.4,14.3,1146.0,"11, 14",7.0,8.0,5.0,3.0,0.0
247,9202007.0,Stellaria uliginosa,p,hc,h,3.5,14.4,1128.0,"11, 14",7.0,8.0,5.0,5.0,0.0
248,920506.0,Chrysosplenium oppositifolium,p,Ch,h,3.4,14.3,1168.0,"1, 14",5.0,9.0,5.0,5.0,0.0
249,9204558.0,Salix seedling/sp,,,,,,,,,,,,
250,9204442.0,Larix sp.,,,,,,,,,,,,
251,9201058.0,Juncus bulbosus,p,hc,h,3.5,14.2,1180.0,14,7.0,10.0,4.0,2.0,0.0
252,9202226.0,Vulpia bromoides,a,Th,h,3.8,15.0,1006.0,3,8.0,4.0,5.0,3.0,0.0
253,9201891.0,Senecio aquaticus,b,hc,h,3.6,14.5,1109.0,"11, 14",7.0,8.0,6.0,5.0,0.0
254,9202161.0,Veronica agrestis,a,Th,h,3.5,15.0,963.0,"3, 4, 17",7.0,6.0,6.0,7.0,0.0
255,920370.0,Carex echinata,p,hc,h,3.4,14.1,1207.0,"11, 12, 14",8.0,8.0,3.0,2.0,0.0
256,9201344.0,Nardus stricta,p,hc,h,3.2,14.0,1226.0,8,7.0,7.0,3.0,2.0,0.0
257,9201822.0,Cytisus scoparius,p,Pn,w,3.4,14.6,1085.0,3,8.0,5.0,4.0,4.0,0.0
258,9201272.0,Mentha aquatica,p,hc,h,3.7,14.7,1065.0,11,7.0,8.0,7.0,5.0,0.0
259,92064.0,Alliaria petiolata,b,hc,h,3.6,15.1,935.0,3,5.0,6.0,7.0,8.0,0.0
260,9201611.0,Prunus avium,p,Ph,w,3.4,14.8,1024.0,1,4.0,5.0,6.0,6.0,0.0
261,9201484.0,Pinus sylvestris,p,Ph,w,0.8,11.7,1930.0,2,7.0,6.0,2.0,2.0,0.0
262,9202516.0,Vicia sativa,a,Th,h,3.7,14.9,991.0,6,7.0,4.0,7.0,4.0,0.0
263,9201952.0,Sonchus arvensis,p,hc,h,3.8,14.8,1013.0,4,8.0,6.0,7.0,6.0,1.0
264,9201631.0,Pyrola minor,p,hc,h,2.6,13.9,1089.0,"1, 16",5.0,5.0,4.0,2.0,0.0
265,9201333.0,Myrrhis odorata,p,hc,h,3.0,14.1,1084.0,"3, 17",7.0,6.0,7.0,7.0,0.0
266,92016.0,Actaea spicata,p,Gn,h,2.5,14.3,1054.0,16,3.0,5.0,8.0,6.0,0.0
267,9202241.0,Aesculus hippocastanum,p,Ph,w,3.6,14.8,1014.0,"3, 17",5.0,5.0,7.0,7.0,0.0
268,9201387.0,Orchis mascula,p,Gn,h,3.5,14.7,1073.0,"1, 7, 16",6.0,5.0,7.0,4.0,0.0
269,9201116.0,Lathyrus pratensis,p,hc,h,3.6,14.5,1079.0,6,7.0,6.0,6.0,5.0,0.0
270,9201228.0,Mahonia aquifolium,p,Pn,w,3.4,15.6,786.0,"1, 3",5.0,4.0,6.0,5.0,0.0
271,92022.0,Agrimonia eupatoria,p,hc,h,3.8,15.1,953.0,6,7.0,4.0,7.0,4.0,0.0
272,920502.0,Leucanthemum vulgare,p,hc,h,3.6,14.6,1074.0,"6, 7",8.0,4.0,7.0,4.0,0.0
273,920335.0,Carduus crispus,b,hc,h,3.5,15.4,832.0,3,7.0,4.0,8.0,7.0,0.0
274,920476.0,Chaerophyllum temulum,b,hc,h,3.6,15.4,890.0,3,6.0,5.0,7.0,7.0,0.0
275,9101381.0,Ophioglossum vulgatum sens.lat.,p,Gn,h,3.6,15.1,964.0,6,8.0,7.0,7.0,3.0,0.0
276,9201977.0,Sorbus torminalis,p,Ph,w,3.9,16.0,804.0,1,4.0,5.0,6.0,5.0,0.0
277,9204367.0,Triticum aestivum,a,Th,h,3.8,15.6,861.0,"3, 4",8.0,5.0,7.0,7.0,0.0
278,920276.0,Bryonia dioica,p,Gn,h,3.6,16.0,726.0,3,7.0,5.0,7.0,7.0,0.0
279,9201760.0,Ruscus aculeatus,p,Pn,w,4.3,16.4,782.0,"1, 3",4.0,5.0,4.0,4.0,0.0
280,920907.0,Geranium dissectum,a,Th,h,3.7,14.8,1011.0,"3, 4",7.0,5.0,7.0,6.0,0.0
281,9205486.0,Centaurium erythraea,b,hc,h,4.0,15.1,980.0,"7, 19",8.0,5.0,6.0,3.0,0.0
282,9201436.0,Paris quadrifolia,p,Gn,h,3.2,15.3,877.0,1,3.0,6.0,7.0,6.0,0.0
283,9202184.0,Viburnum lantana,p,Ph,w,3.8,16.2,763.0,"1, 3",7.0,5.0,7.0,5.0,0.0
284,9201625.0,Pulicaria dysenterica,p,hc,h,4.0,15.5,885.0,"6, 11",7.0,7.0,7.0,4.0,0.0
285,92014.0,Aconitum napellus,p,Gn,h,4.0,15.8,964.0,"1, 3, 14, 17",5.0,7.0,7.0,6.0,0.0
286,9201003.0,Hypericum androsaemum,p,Pn,w,4.0,14.8,1184.0,"1, 3",5.0,6.0,6.0,5.0,0.0
287,9202021.0,Succisa pratensis,p,hc,h,3.5,14.4,1124.0,6,7.0,7.0,5.0,2.0,0.0
288,920466.0,Cerastium glomeratum,a,Th,h,3.6,14.5,1079.0,"3, 5",7.0,5.0,6.0,5.0,0.0
289,9201260.0,Silene dioica x latifolia (S. x hampeana),,,,,,,,,,,,
290,9201036.0,Iris foetidissima,p,hc,h,4.2,16.1,821.0,1,5.0,4.0,8.0,5.0,0.0
291,920543.0,Convallaria majalis,p,Gn,h,3.3,15.5,831.0,"1, 7",5.0,5.0,6.0,5.0,0.0
292,910721.0,Equisetum telmateia,p,Gn,h,3.8,15.2,950.0,11,6.0,8.0,7.0,6.0,0.0
293,9201363.0,Oenanthe crocata,p,hc,h,4.0,14.8,1124.0,"11, 14",7.0,9.0,6.0,7.0,1.0
294,920681.0,Elodea canadensis,p,Hy,h,3.6,15.1,936.0,"13, 14",7.0,12.0,7.0,6.0,0.0
295,9201038.0,Iris pseudacorus,p,Gn,h,3.7,14.6,1081.0,11,7.0,9.0,6.0,6.0,1.0
296,9201126.0,Lemna minor,p,Hy,h,3.7,14.9,986.0,"11, 13",7.0,11.0,7.0,6.0,0.0
297,9201944.0,Sium latifolium,p,Hy,h,3.7,15.9,702.0,"11, 14",7.0,10.0,7.0,7.0,0.0
298,920596.0,Cynoglossum officinale,p,hc,h,3.9,15.8,780.0,"7, 19",8.0,4.0,8.0,6.0,1.0
299,9205178.0,Pseudotsuga spp.,,,,,,,,,,,,
300,9201872.0,Scutellaria galericulata,p,hc,h,3.6,14.9,1055.0,11,7.0,8.0,6.0,5.0,0.0
301,920646.0,Dipsacus fullonum sens.lat.,b,hc,h,3.8,15.6,863.0,"3, 6, 17",8.0,7.0,7.0,7.0,0.0
302,920428.0,Carpinus betulus,p,Ph,w,3.6,15.4,895.0,1,4.0,5.0,5.0,6.0,0.0
303,200001587.0,Symphoricarpus sp.,,,,,,,,,,,,
304,9201267.0,Melilotus officinalis,b,hc,h,3.7,15.7,790.0,"3, 17",8.0,5.0,7.0,5.0,0.0
305,9202191.0,Vicia hirsuta,a,Th,h,3.7,15.2,926.0,"3, 6",7.0,5.0,6.0,6.0,0.0
306,920361.0,Carex viridula subsp.oedocarpa,p,hc,h,3.4,14.2,1194.0,14,8.0,8.0,4.0,2.0,0.0
307,920376.0,Carex flacca,p,hc,h,3.5,14.5,1104.0,"7, 11",7.0,5.0,6.0,2.0,0.0
308,9102051.0,Oreopteris limbosperma,p,hc,h,2.8,13.7,1323.0,"1, 16",6.0,6.0,4.0,3.0,0.0
309,9201262.0,Melica nutans,p,hc,h,1.9,13.0,1483.0,"1, 7, 16",4.0,5.0,7.0,3.0,0.0
310,9202215.0,Viola palustris,p,hc,h,3.3,13.9,1262.0,"11, 14",7.0,9.0,3.0,2.0,0.0
311,9201576.0,Potamogeton polygonifolius,p,Hy,h,3.3,13.9,1254.0,"11, 12, 13",8.0,10.0,4.0,2.0,0.0
312,920458.0,Cephalanthera longifolia,p,Gn,h,3.7,14.7,1166.0,1,5.0,4.0,7.0,4.0,0.0
313,9201730.0,Rubus saxatilis,p,hc,h,2.4,13.0,1514.0,"1, 7, 16",7.0,5.0,7.0,4.0,0.0
314,920702.0,Epipactis atrorubens,p,Gn,h,3.0,13.8,1328.0,16,7.0,4.0,8.0,1.0,0.0
315,9201958.0,Sorbus aria,p,Ph,w,3.8,16.3,774.0,1,6.0,4.0,7.0,4.0,0.0
316,920322.0,Campanula rotundifolia,p,hc,h,3.2,14.4,1104.0,7,7.0,4.0,5.0,2.0,0.0
317,920955.0,Helianthemum nummularium,p,Ch,sw,3.0,14.8,924.0,7,7.0,4.0,7.0,2.0,0.0
318,9201393.0,Origanum vulgare,p,Ch,h,3.7,15.3,898.0,"7, 16",6.0,4.0,7.0,4.0,0.0
319,9201514.0,Polygala serpyllifolia,p,Ch,h,3.4,14.1,1200.0,"8, 10, 12",8.0,7.0,2.0,2.0,0.0
320,9201515.0,Polygala oxyptera,p,Ch,h,3.5,14.4,1114.0,7,8.0,5.0,6.0,3.0,0.0
321,9201908.0,Sesleria caerulea,p,hc,h,3.1,13.9,1262.0,"7, 16",7.0,6.0,8.0,2.0,0.0
322,9102053.0,Phegopteris connectilis,p,Gn,h,2.4,13.1,1515.0,"1, 16",4.0,6.0,4.0,4.0,0.0
323,9205049.0,Luzula campestris/multiflora,,,,,,,,,,,,
324,9201616.0,Prunus padus,p,Ph,w,2.7,13.8,1240.0,1,5.0,6.0,6.0,7.0,0.0
325,920684.0,Empetrum nigrum,p,Ch,w,2.7,13.2,1381.0,"10, 12, 15",7.0,6.0,2.0,1.0,0.0
326,9202109.0,Tussilago farfara,p,Gn,h,3.5,14.5,1085.0,16,7.0,6.0,6.0,6.0,0.0
327,920933.0,Glyceria fluitans,p,Hy,h,3.5,14.5,1098.0,"11, 14",7.0,10.0,6.0,6.0,0.0
328,920137.0,Apium nodiflorum,p,Hy,h,4.0,15.2,961.0,14,7.0,10.0,7.0,7.0,0.0
329,20000228.0,Juncus articulatus/acutiflora,,,,,,,,,,,,
330,9201203.0,Luzula luzuloides,,,,,,,,,,,,
331,9204.0,Acer platanoides,p,Ph,w,3.4,15.2,903.0,"1, 3, 17",4.0,5.0,7.0,7.0,0.0
332,920921.0,Geranium sylvaticum,p,hc,h,1.8,13.0,1339.0,"6, 16",6.0,5.0,6.0,5.0,0.0
333,9102050.0,Gymnocarpium dryopteris,p,Gn,h,2.2,13.1,1445.0,"1, 16",4.0,5.0,4.0,4.0,0.0
334,9201555.0,Populus tremula,p,Ph,w,3.3,14.5,1102.0,"1, 16",6.0,5.0,5.0,6.0,0.0
335,9202397.0,Abies procera,,,,,,,,,,,,
336,9202076.0,Trientalis europaea,p,Gn,h,1.8,12.6,1277.0,"1, 2, 10",5.0,6.0,3.0,3.0,0.0
337,920976.0,Pilosella officinarum,p,hc,h,3.5,14.5,1094.0,7,8.0,4.0,7.0,2.0,0.0
338,920505.0,Chrysosplenium alternifolium,p,hc,h,2.8,14.4,1042.0,"11, 14",5.0,8.0,6.0,6.0,0.0
339,920400.0,Carex panicea,p,hc,h,3.5,14.3,1139.0,11,8.0,8.0,4.0,2.0,0.0
340,92042.0,Aira praecox,a,Th,h,3.5,14.3,1149.0,"8, 16",8.0,2.0,4.0,2.0,0.0
341,920350.0,Carex binervis,p,hc,h,3.3,14.0,1243.0,"8, 10, 16",7.0,6.0,3.0,2.0,0.0
342,920393.0,Carex nigra,p,hc,h,3.5,14.3,1131.0,11,7.0,8.0,4.0,2.0,0.0
343,9201075.0,Juncus squarrosus,p,hc,h,3.1,13.8,1254.0,"8, 12",7.0,7.0,2.0,2.0,0.0
344,9201915.0,Danthonia decumbens,p,hc,h,3.5,14.3,1160.0,"7, 8",7.0,6.0,4.0,2.0,0.0
345,9202060.0,Thymus polytrichus,p,Ch,sw,3.4,14.2,1175.0,"7, 16",8.0,4.0,6.0,2.0,0.0
346,92051.0,Alchemilla glabra,p,hc,h,2.6,13.4,1338.0,"6, 15, 16",7.0,6.0,6.0,4.0,0.0
347,9205193.0,Rhinanthus sp.,,,,,,,,,,,,
348,20000158.0,Euphorbia agg.,,,,,,,,,,,,
349,920613.0,Dactylorhiza purpurella,p,Gn,h,3.1,13.5,1244.0,11,8.0,8.0,7.0,2.0,1.0
350,920888.0,Galium verum,p,hc,h,3.5,14.6,1045.0,7,7.0,4.0,6.0,2.0,0.0
351,920813.0,Festuca arundinacea,p,hc,h,3.6,14.9,980.0,"6, 7",8.0,6.0,7.0,6.0,1.0
352,9201651.0,Ranunculus flammula,p,hc,h,3.5,14.4,1122.0,11,7.0,9.0,5.0,3.0,0.0
353,200001696.0,Petasites spp.,,,,,,,,,,,,
354,9201048.0,Jasione montana,b,hc,h,4.0,14.8,1152.0,"8, 10",7.0,4.0,4.0,2.0,0.0
355,920699.0,Epilobium brunnescens,p,hc,h,3.0,13.6,1357.0,"14, 15, 16",7.0,8.0,4.0,3.0,0.0
356,9202125.0,Umbilicus rupestris,p,hc,h,4.3,14.9,1125.0,"3, 16",6.0,4.0,5.0,4.0,0.0
357,920879.0,Galium mollugo,p,hc,h,3.5,15.3,905.0,7,7.0,4.0,7.0,4.0,0.0
358,9201875.0,Sedum acre,p,Ch,h,3.7,14.9,995.0,16,8.0,2.0,7.0,2.0,1.0
359,9201512.0,Polygala calcarea,p,Ch,h,3.7,16.2,783.0,7,7.0,3.0,8.0,2.0,0.0
360,920142.0,Arabidopsis thaliana,a,Th,h,3.5,14.8,1034.0,"16, 17",8.0,3.0,6.0,2.0,0.0
361,920397.0,Carex ovalis,p,hc,h,3.4,14.3,1138.0,"3, 10",7.0,7.0,5.0,4.0,0.0
362,9202230.0,Wahlenbergia hederacea,p,hc,h,4.1,14.9,1280.0,"11, 14",6.0,8.0,3.0,3.0,0.0
363,920657.0,Drosera rotundifolia,p,hc,h,3.3,13.9,1269.0,12,8.0,9.0,2.0,1.0,0.0
364,920731.0,Erica tetralix,p,Ch,w,3.4,14.0,1230.0,"10, 12",8.0,8.0,2.0,1.0,0.0
365,9201345.0,Narthecium ossifragum,p,hc,h,3.3,13.8,1296.0,12,8.0,9.0,2.0,1.0,0.0
366,9201441.0,Pedicularis palustris,b,hc,h,3.3,14.0,1226.0,11,8.0,8.0,5.0,2.0,0.0
367,9201442.0,Pedicularis sylvatica,p,hc,h,3.4,14.1,1202.0,"10, 12, 14",8.0,8.0,3.0,2.0,0.0
368,9201858.0,Trichophorum cespitosum,p,hc,h,3.2,13.7,1312.0,"10, 12",8.0,8.0,2.0,1.0,0.0
369,920740.0,Eriophorum angustifolium,p,hc,h,3.4,14.1,1194.0,12,8.0,9.0,4.0,1.0,0.0
370,920948.0,Gymnadenia conopsea,p,Gn,h,3.2,14.2,1187.0,"7, 11",7.0,6.0,7.0,3.0,0.0
371,9202138.0,Vaccinium vitis-idaea,p,Ch,w,2.2,12.9,1474.0,"2, 10, 15",6.0,5.0,2.0,2.0,0.0
372,920155.0,Arctostaphylos uva-ursi,p,Ch,w,2.1,12.3,1615.0,"10, 15",7.0,5.0,2.0,2.0,0.0
373,9201080.0,Juniperus communis,p,Ph,w,2.8,13.4,1380.0,"7, 10, 15, 16",8.0,5.0,5.0,3.0,0.0
374,9201328.0,Myrica gale,p,Pn,w,3.4,13.8,1353.0,12,8.0,9.0,3.0,2.0,0.0
375,910720.0,Equisetum sylvaticum,p,Gn,h,2.9,13.7,1269.0,"1, 16",5.0,8.0,5.0,5.0,0.0
376,9201605.0,Primula veris,p,hc,h,3.7,15.2,900.0,"6, 7",7.0,4.0,7.0,3.0,0.0
377,9201437.0,Parnassia palustris,p,hc,h,3.0,13.7,1236.0,11,8.0,8.0,7.0,3.0,0.0
378,9101001.0,Hymenophyllum wilsonii,p,hc,h,3.1,13.1,1685.0,"1, 16",5.0,5.0,3.0,3.0,0.0
379,9201169.0,Linum catharticum,b,hc,h,3.5,14.4,1113.0,7,8.0,5.0,7.0,2.0,0.0
380,9202179.0,Veronica scutellata,p,hc,h,3.4,14.3,1129.0,"11, 13",8.0,9.0,5.0,3.0,0.0
381,920555.0,Ceratocapnos claviculata,a,Th,h,3.3,14.6,1111.0,"1, 9",5.0,5.0,4.0,5.0,0.0
382,920826.0,Festuca vivipara,p,hc,h,2.7,12.7,1592.0,"15, 16",8.0,6.0,3.0,2.0,0.0
383,910586.0,Cryptogramma crispa,p,hc,h,1.8,12.9,1678.0,"10, 15, 16",7.0,5.0,2.0,3.0,0.0
384,920812.0,Festuca altissima,p,hc,h,2.6,13.6,1410.0,"1, 16",3.0,5.0,4.0,5.0,0.0
385,9201454.0,Phalaris arundinacea,p,Hy,h,3.6,14.6,1044.0,"11, 14",7.0,9.0,7.0,7.0,1.0
386,92033.0,Elytrigia repens,p,hc,h,3.6,14.6,1046.0,"3, 4, 19",7.0,5.0,7.0,7.0,2.0
387,9201471.0,Picris echioides,a,Th,h,3.9,15.9,795.0,"3, 4",7.0,5.0,7.0,6.0,0.0
388,9201953.0,Sonchus asper,a,Th,h,3.7,14.6,1070.0,"3, 4",7.0,5.0,7.0,6.0,0.0
389,920405.0,Carex pilulifera,p,hc,h,3.3,14.1,1197.0,8,7.0,5.0,3.0,2.0,0.0
390,9202106.0,Trollius europaeus,p,hc,h,2.2,13.0,1517.0,"11, 16",7.0,7.0,6.0,4.0,0.0
391,920408.0,Carex pulicaris,p,hc,h,3.3,13.9,1239.0,"11, 16",8.0,7.0,5.0,2.0,0.0
392,920399.0,Carex pallescens,p,hc,h,3.0,14.2,1236.0,1,6.0,6.0,5.0,4.0,0.0
393,920518.0,Cirsium heterophyllum,p,hc,h,2.0,12.9,1476.0,"6, 16",7.0,6.0,6.0,5.0,0.0
394,9201481.0,Pinguicula vulgaris,p,hc,h,3.0,13.6,1305.0,"11, 12",8.0,8.0,6.0,2.0,0.0
395,920744.0,Eriophorum vaginatum,p,hc,h,3.1,13.6,1307.0,12,8.0,8.0,2.0,1.0,0.0
396,9202102.0,Triglochin palustre,p,hc,h,3.4,14.2,1145.0,11,8.0,9.0,6.0,2.0,2.0
397,9201361.0,Odontites vernus,a,Th,h,3.7,14.7,1047.0,6,7.0,5.0,6.0,5.0,0.0
398,9202220.0,Viola tricolor,a,Th,h,3.4,14.6,992.0,"4, 8, 19",8.0,4.0,6.0,4.0,0.0
399,9201379.0,Onopordum acanthium,p,hc,h,3.7,15.9,733.0,"3, 17",8.0,4.0,6.0,7.0,0.0
400,9202003.0,Stachys palustris,p,Gn,h,3.7,14.6,1079.0,"11, 14",7.0,8.0,7.0,7.0,0.0
401,9201182.0,Lolium multiflorum,a,Th,h,3.6,14.9,968.0,5,7.0,5.0,7.0,7.0,0.0
402,9201525.0,Persicaria bistorta,p,hc,h,3.3,14.8,1021.0,6,6.0,7.0,6.0,6.0,0.0
403,920401.0,Carex paniculata,p,hc,h,3.7,14.9,1036.0,"1, 11",6.0,9.0,6.0,6.0,0.0
404,9202559.0,Sagina apetala,a,Th,h,3.7,14.9,989.0,17,9.0,4.0,6.0,3.0,0.0
405,9201322.0,Myosotis scorpioides,p,hc,h,3.5,14.7,1037.0,"11, 14",7.0,9.0,6.0,6.0,0.0
406,200001690.0,Hydrangea spp.,,,,,,,,,,,,
407,9201084.0,Knautia arvensis,p,hc,h,3.8,15.2,919.0,"6, 7",7.0,3.0,8.0,4.0,0.0
408,9201476.0,Pimpinella saxifraga,p,hc,h,3.6,15.0,968.0,7,7.0,4.0,7.0,3.0,0.0
409,920906.0,Geranium columbinum,a,Th,h,4.0,15.6,921.0,"3, 7",7.0,4.0,7.0,7.0,0.0
410,9201250.0,Medicago lupulina,a,Th,h,3.8,15.0,963.0,"7, 17",7.0,4.0,8.0,4.0,0.0
411,920256.0,Briza media,p,hc,h,3.5,14.9,971.0,7,8.0,5.0,7.0,3.0,0.0
412,9201030.0,Inula conyzae,p,hc,h,3.9,15.9,821.0,"7, 16",7.0,3.0,8.0,3.0,0.0
413,920698.0,Epilobium parviflorum,p,hc,h,3.8,14.9,996.0,11,7.0,9.0,7.0,5.0,0.0
414,910192.0,Asplenium ruta-muraria,p,hc,h,3.7,14.7,1074.0,"3, 16, 17",7.0,3.0,7.0,2.0,0.0
415,920146.0,Arabis hirsuta,b,hc,h,3.3,14.6,1104.0,"7, 16",7.0,5.0,8.0,3.0,0.0
416,920427.0,Carlina vulgaris,b,hc,h,3.9,15.3,947.0,7,8.0,4.0,7.0,2.0,0.0
417,920893.0,Genista tinctoria,p,Ch,w,3.6,15.6,880.0,6,8.0,6.0,7.0,2.0,0.0
418,920562.0,Cotoneaster integrifolius,p,Pn,w,3.9,14.7,1194.0,"3, 17",7.0,3.0,7.0,4.0,0.0
419,9201070.0,Juncus inflexus,p,hc,h,3.8,15.2,925.0,"6, 11",7.0,7.0,7.0,5.0,1.0
420,9201906.0,Serratula tinctoria,p,hc,h,3.8,15.5,965.0,7,7.0,6.0,6.0,2.0,0.0
421,9201916.0,Silaum silaus,p,hc,h,3.6,15.8,743.0,6,8.0,5.0,7.0,4.0,0.0
422,9204368.0,Hordeum distichon sens.lat.,a,Th,h,3.8,15.4,898.0,"3, 4",8.0,4.0,7.0,7.0,0.0
423,9202988.0,Avena sativa,a,Th,h,3.9,15.4,903.0,4,7.0,5.0,7.0,7.0,0.0
424,9201874.0,Scutellaria minor,p,hc,h,4.1,14.9,1191.0,11,7.0,9.0,4.0,2.0,0.0
425,9202014.0,Stellaria nemorum,p,hc,h,2.7,14.2,1027.0,"1, 14",4.0,6.0,6.0,7.0,0.0
426,9201222.0,Lysimachia nummularia,p,hc,h,3.7,15.5,895.0,"6, 11, 14",5.0,7.0,5.0,5.0,0.0
427,9201981.0,Sparganium erectum,p,Hy,h,3.7,14.9,1000.0,"11, 13",7.0,10.0,7.0,7.0,0.0
428,920424.0,Carex vesicaria,p,Hy,h,3.3,14.6,1072.0,11,8.0,10.0,5.0,4.0,0.0
429,9201350.0,Lysimachia thyrsiflora,p,hc,h,2.7,14.2,1200.0,"11, 13",8.0,10.0,4.0,3.0,0.0
430,920510.0,Cicuta virosa,p,Hy,h,3.5,14.8,926.0,"11, 13, 14",7.0,10.0,7.0,5.0,0.0
431,9201592.0,Potentilla palustris,p,Gn,h,3.4,14.0,1186.0,11,8.0,9.0,5.0,3.0,0.0
432,910713.0,Equisetum fluviatile,p,Gn,h,3.5,14.4,1116.0,11,8.0,10.0,6.0,4.0,0.0
433,920867.0,Galeopsis speciosa,a,Th,h,3.1,14.5,1043.0,4,7.0,5.0,7.0,7.0,0.0
434,92063.0,Alisma plantago-aquatica,p,Hy,h,3.8,15.2,950.0,"11, 13",7.0,10.0,7.0,7.0,0.0
435,9201358.0,Nymphaea alba,p,Hy,h,3.6,14.8,1090.0,13,7.0,11.0,6.0,4.0,0.0
436,920414.0,Carex rostrata,p,Hy,h,3.3,14.0,1193.0,11,8.0,10.0,4.0,2.0,0.0
437,9201675.0,Rhamnus cathartica,p,Ph,w,3.6,15.8,783.0,"1, 3",7.0,5.0,7.0,6.0,0.0
438,920618.0,Daphne mezereum,p,Pn,w,3.5,15.8,890.0,1,4.0,5.0,7.0,6.0,0.0
439,9201518.0,Polygonatum odoratum,p,Gn,h,3.1,15.1,1091.0,"1, 16",5.0,3.0,7.0,3.0,0.0
440,920834.0,Filipendula vulgaris,p,hc,h,3.6,15.8,776.0,7,7.0,4.0,8.0,2.0,0.0
441,9201258.0,Silene latifolia,p,hc,h,3.6,15.1,911.0,3,7.0,4.0,7.0,6.0,0.0
442,920934.0,Glyceria maxima,p,Hy,h,3.6,15.5,823.0,11,7.0,10.0,7.0,8.0,0.0
443,9201016.0,Hypericum tetrapterum,p,hc,h,3.7,14.9,1025.0,11,7.0,8.0,6.0,4.0,0.0
444,9201246.0,Meconopsis cambrica,p,hc,h,3.5,14.0,1321.0,1,4.0,5.0,7.0,5.0,0.0
445,200001585.0,Orobanche sp.,,,,,,,,,,,,
446,920431.0,Carum verticillatum,p,hc,h,3.4,13.9,1578.0,"11, 14",7.0,8.0,4.0,2.0,0.0
447,9201531.0,Polygonum lapathifolium,a,Th,h,3.7,15.1,958.0,"4, 11",7.0,6.0,7.0,7.0,0.0
448,9201870.0,Scrophularia vernalis,b,hc,h,3.3,15.3,769.0,"1, 3",5.0,5.0,7.0,7.0,0.0
449,920269.0,Bromus hordeaceus,a,Th,h,3.7,14.7,1051.0,"4, 6",8.0,4.0,7.0,4.0,0.0
450,920999.0,Hydrocotyle vulgaris,p,hc,h,3.7,14.4,1126.0,11,8.0,8.0,6.0,3.0,1.0
451,9202033.0,Tanacetum vulgare,p,hc,h,3.5,15.0,958.0,3,7.0,6.0,7.0,7.0,0.0
452,9201435.0,Parietaria judaica,p,hc,h,4.1,15.6,865.0,"16, 17",7.0,4.0,8.0,5.0,1.0
453,920943.0,Goodyera repens,p,hc,h,2.2,13.2,1030.0,2,5.0,5.0,3.0,2.0,0.0
454,9201480.0,Pinguicula lusitanica,p,hc,h,3.9,13.7,1475.0,"10, 11",8.0,8.0,4.0,2.0,0.0
455,9201877.0,Sedum anglicum,p,Ch,h,4.1,14.3,1321.0,"16, 18",8.0,3.0,4.0,2.0,1.0
456,920385.0,Carex laevigata,p,hc,h,3.6,14.4,1240.0,"1, 16",5.0,8.0,5.0,4.0,0.0
457,9201172.0,Listera cordata,p,Gn,h,2.4,12.8,1450.0,"2, 10, 12",3.0,6.0,2.0,2.0,0.0
458,9201419.0,Vaccinium oxycoccos,p,Ch,h,3.0,14.0,1229.0,12,8.0,9.0,2.0,1.0,0.0
459,9201826.0,Saxifraga aizoides,p,Ch,h,1.7,12.3,1799.0,"7, 11, 15, 16",8.0,9.0,6.0,2.0,0.0
460,9201837.0,Saxifraga oppositifolia,p,Ch,h,1.8,12.1,1980.0,"7, 15, 16",8.0,6.0,8.0,2.0,0.0
461,920366.0,Carex distans,p,hc,h,4.3,15.0,1039.0,21,8.0,6.0,7.0,5.0,3.0
462,9201543.0,Persicaria vivipara,p,hc,h,1.6,12.2,1588.0,"7, 15",8.0,6.0,6.0,2.0,0.0
463,920407.0,Carex pseudocyperus,p,hc,h,3.8,16.0,754.0,11,7.0,9.0,6.0,6.0,0.0
464,920941.0,Gnaphalium uliginosum,a,Th,h,3.6,14.6,1074.0,"11, 13",7.0,6.0,6.0,5.0,0.0
465,9207292.0,Epilobium tetragonum,p,hc,h,3.9,15.9,834.0,"3, 17",6.0,7.0,5.0,5.0,0.0
466,920471.0,Ceratophyllum demersum,p,Hy,h,3.7,15.8,770.0,13,7.0,12.0,7.0,7.0,1.0
467,9202403.0,Thuja plicata,p,Ph,w,3.6,15.4,977.0,"2, 17",4.0,5.0,5.0,4.0,0.0
468,200001691.0,Azalea spp.,,,,,,,,,,,,
469,9201444.0,Lythrum portula,a,Th,h,3.8,14.8,1084.0,"11, 13",8.0,9.0,5.0,3.0,0.0
470,9202613.0,Lonicera nitida,,,,,,,,,,,,
471,9201627.0,Pulmonaria longifolia,p,hc,h,4.7,16.5,810.0,"1, 3",6.0,4.0,6.0,5.0,0.0
472,920175.0,Artemisia vulgaris,p,hc,h,3.7,14.9,984.0,"3, 17",7.0,4.0,8.0,7.0,0.0
473,9205273.0,Symphytum sp.,,,,,,,,,,,,
474,9201230.0,Malus sylvestris,p,Ph,w,3.7,15.0,975.0,"1, 3",7.0,5.0,6.0,6.0,0.0
475,9201348.0,Rorippa nasturtium-aquaticum agg.,p,Hy,h,3.7,14.8,1027.0,"11, 13, 14",7.0,10.0,7.0,7.0,0.0
476,9201846.0,Scabiosa columbaria,p,hc,h,3.5,15.6,831.0,7,8.0,3.0,8.0,2.0,0.0
477,9201475.0,Pimpinella major,p,hc,h,3.6,15.5,819.0,6,7.0,5.0,7.0,6.0,0.0
478,9202105.0,Trisetum flavescens,p,hc,h,3.6,15.2,900.0,"6, 7",7.0,4.0,7.0,4.0,0.0
479,9202246.0,Persicaria amplexicaulis,,,,,,,,,,,,
480,9202063.0,Tilia cordata,p,Ph,w,3.5,15.5,873.0,1,5.0,5.0,6.0,5.0,0.0
481,8201146.0,Eurhynchium sp.,,,,,,,,,,,,
482,8101308.0,Lophocolea sp.,,,,,,,,,,,,
483,820351.0,Hypnum cupressiforme sens.lat.,,,,,,,,,,,,
484,820141.0,Campylopus introflexus,,,,,,,,,,,,
485,820357.0,Isopterygium elegans,,,,,,,,,,,,
486,820599.0,Thuidium tamariscinum,,,,,,,,,,,,
487,8201103.0,Brachythecium sp.,,,,,,,,,,,,
488,8201214.0,Polytrichum sp.,,,,,,,,,,,,
489,820395.0,Plagiomnium undulatum,,,,,,,,,,,,
490,820533.0,Rhytidiadelphus squarrosus,,,,,,,,,,,,
491,820507.0,Pseudoscleropodium purum,,,,,,,,,,,,
492,9201753.0,Rumex sanguineus,p,hc,h,3.8,15.0,1003.0,1,5.0,7.0,7.0,7.0,0.0
493,820382.0,Mnium hornum,,,,,,,,,,,,
494,9201317.0,Myosotis arvensis,a,Th,h,3.5,14.6,1056.0,"3, 4",7.0,5.0,6.0,6.0,0.0
495,820459.0,Plagiothecium undulatum,,,,,,,,,,,,
496,820184.0,Dicranella heteromalla,,,,,,,,,,,,
497,200001537.0,Atrichum sp.,,,,,,,,,,,,
498,920381.0,Carex hirta,p,hc,h,3.7,15.0,963.0,6,7.0,7.0,7.0,6.0,0.0
499,820449.0,Plagiothecium denticulatum,,,,,,,,,,,,
500,810814.0,Lophocolea heterophylla,,,,,,,,,,,,
501,820362.0,Isothecium myosuroides,,,,,,,,,,,,
502,820206.0,Dicranum scoparium,,,,,,,,,,,,
503,820374.0,Leucobryum glaucum,,,,,,,,,,,,
504,8201255.0,Tortula sp.,,,,,,,,,,,,
505,9203908.0,Taraxacum pseudolacistophyllum (ery),,,,,,,,,,,,
506,810747.0,Diplophyllum albicans,,,,,,,,,,,,
507,820592.0,Thamnobryum alopecurum,,,,,,,,,,,,
508,9201649.0,Ranunculus ficaria,p,Gn,h,3.6,14.5,1084.0,"1, 3",6.0,6.0,6.0,6.0,0.0
509,8201147.0,Fissidens sp.,,,,,,,,,,,,
510,810807.0,Lepidozia reptans,,,,,,,,,,,,
511,5502874.0,Cladonia coniocraea,,,,,,,,,,,,
512,8101323.0,Pellia sp.,,,,,,,,,,,,
513,9201789.0,Salix cinerea,p,Ph,w,3.5,14.5,1096.0,"1, 11",7.0,8.0,6.0,5.0,0.0
514,920688.0,Epilobium ciliatum,p,hc,h,3.7,15.0,972.0,"3, 4, 17",7.0,6.0,6.0,6.0,0.0
515,820489.0,Pogonatum urnigerum,,,,,,,,,,,,
516,9202045.0,Teucrium scordium,p,hc,h,4.0,15.8,740.0,"11, 13, 14",7.0,8.0,8.0,4.0,1.0
517,92099.0,Anagallis arvensis,a,Th,h,4.0,15.2,962.0,4,7.0,4.0,6.0,5.0,0.0
518,910662.0,Dryopteris affinis,p,hc,h,3.5,14.3,1160.0,"1, 16",5.0,6.0,5.0,5.0,0.0
519,820532.0,Rhytidiadelphus loreus,,,,,,,,,,,,
520,920122.0,Anthoxanthum aristatum,a,Th,h,3.9,16.0,775.0,"4, 17",7.0,4.0,4.0,5.0,0.0
521,200001582.0,Chenopodium album/polyspermum,,,,,,,,,,,,
522,9204537.0,Lathyrus seedling/sp,,,,,,,,,,,,
523,9204530.0,Epilobium sp.,,,,,,,,,,,,
524,9204563.0,Veronica seedling/sp,,,,,,,,,,,,
525,200001638.0,Malva sp.,,,,,,,,,,,,
526,9204535.0,Geranium sp.,,,,,,,,,,,,
527,920113.0,Anisantha sterilis,a,Th,h,3.8,15.3,893.0,"3, 4, 17",7.0,5.0,8.0,7.0,0.0
528,920311.0,Calystegia sepium,p,Gn,h,3.8,14.9,1021.0,"11, 14",7.0,8.0,7.0,7.0,1.0
529,9202175.0,Veronica persica,a,Th,h,3.7,14.9,993.0,"3, 4, 17",6.0,5.0,7.0,7.0,0.0
530,9201174.0,Lithospermum officinale,p,hc,h,3.9,15.8,820.0,"1, 3, 7",6.0,5.0,8.0,5.0,0.0
531,8204.0,Calliergon cuspidatum,,,,,,,,,,,,
532,9201742.0,Rumex crispus,p,hc,h,3.6,14.5,1087.0,"3, 6, 19",8.0,6.0,7.0,6.0,2.0
533,9202202.0,Vicia tetrasperma,a,Th,h,3.9,15.9,804.0,"3, 4, 6",7.0,5.0,7.0,6.0,0.0
534,9204560.0,Sonchus sp.,,,,,,,,,,,,
535,9201107.0,Lathraea squamaria,p,Gn,h,3.3,15.0,955.0,"1, 3",3.0,6.0,7.0,6.0,0.0
536,820157.0,Cirriphyllum piliferum,,,,,,,,,,,,
537,9204658.0,Abies sp.,,,,,,,,,,,,
538,92084.0,Alopecurus myosuroides,a,Th,h,3.7,15.9,765.0,4,6.0,5.0,7.0,6.0,0.0
539,820534.0,Rhytidiadelphus triquetrus,,,,,,,,,,,,
540,9204943.0,Glyceria seedling/sp,,,,,,,,,,,,
541,200001478.0,Juncus bufonius/bulbosus,,,,,,,,,,,,
542,9201708.0,Rosa canina agg.,p,Pn,w,3.7,15.1,993.0,"1, 3",6.0,5.0,7.0,6.0,0.0
543,9201325.0,Myosotis sylvatica,p,hc,h,3.4,15.1,931.0,1,6.0,5.0,7.0,5.0,0.0
544,9201707.0,Rosa arvensis,p,Pn,w,3.9,15.4,910.0,3,6.0,4.0,7.0,5.0,0.0
545,9201896.0,Senecio erucifolius,p,hc,h,3.8,15.8,783.0,"3, 6",7.0,5.0,7.0,5.0,0.0
546,920887.0,Galium uliginosum,p,hc,h,3.2,14.9,961.0,11,7.0,9.0,6.0,4.0,0.0
547,9201788.0,Salix caprea,p,Ph,w,3.4,14.6,1080.0,1,7.0,7.0,7.0,7.0,0.0
548,9202243.0,Euphrasia officinalis agg.,a,Th,h,3.5,14.4,1131.0,"6, 7, 8, 10",8.0,5.0,5.0,3.0,0.0
549,9208283.0,Allium ampeloprasum,p,Gb,h,5.5,15.5,1068.0,3,8.0,4.0,6.0,5.0,0.0
550,9202196.0,Vicia orobus,p,hc,h,3.0,13.8,1410.0,16,7.0,5.0,5.0,4.0,0.0
551,820262.0,Fissidens cristatus,,,,,,,,,,,,
552,920920.0,Geranium sanguineum,p,hc,h,3.7,14.6,996.0,"7, 16",7.0,4.0,7.0,3.0,0.0
553,820379.0,Plagiomnium affine,,,,,,,,,,,,
554,200001671.0,Valeriana sp.,,,,,,,,,,,,
555,920293.0,Calamagrostis epigejos,p,hc,h,3.7,15.7,812.0,"3, 11",7.0,7.0,7.0,6.0,0.0
556,2500.0,Bryophyte sp.,,,,,,,,,,,,
557,9201645.0,Ranunculus auricomus,p,hc,h,3.3,15.1,922.0,1,6.0,7.0,6.0,5.0,0.0
558,920534.0,Cochlearia micacea,b,hc,h,0.2,11.4,2221.0,15,8.0,8.0,7.0,2.0,0.0
559,92081.0,Alopecurus bulbosus,p,hc,h,4.6,16.4,826.0,6,8.0,7.0,7.0,5.0,3.0
560,820166.0,Ctenidium molluscum,,,,,,,,,,,,
561,9204314.0,Ulmus sp.,,,,,,,,,,,,
562,8201106.0,Bryum sp.,,,,,,,,,,,,
563,200001105.0,Plagiochila sp,,,,,,,,,,,,
564,9205298.0,Trifolium seedling/sp,,,,,,,,,,,,
565,9202171.0,Veronica hederifolia,a,Th,h,3.7,15.1,918.0,"1, 3, 4, 17",6.0,5.0,7.0,6.0,0.0
566,920457.0,Cephalanthera damasonium,p,Gn,h,3.7,16.2,763.0,1,4.0,4.0,7.0,5.0,0.0
567,9204837.0,Crataegus sp.,,,,,,,,,,,,
568,9204583.0,Carex seedling/sp,,,,,,,,,,,,
569,920481.0,Chenopodium album agg.,a,Th,h,3.7,14.8,1018.0,4,7.0,5.0,7.0,7.0,1.0
570,92082.0,Alopecurus geniculatus,p,hc,h,3.5,14.5,1087.0,6,8.0,7.0,6.0,6.0,1.0
571,820383.0,Plagiomnium rostratum,,,,,,,,,,,,
572,9201726.0,Rubus caesius,p,Ch,w,3.8,15.6,851.0,3,7.0,7.0,7.0,6.0,0.0
573,920149.0,Arbutus unedo,p,Ph,w,4.7,14.4,1335.0,"1, 16",6.0,5.0,7.0,2.0,0.0
574,920160.0,Arenaria norvegica subsp.norvegica,,,,,,,,,,,,
575,920108.0,Angelica archangelica,,,,,,,,,,,,
576,820158.0,Climacium dendroides,,,,,,,,,,,,
577,200001639.0,Matricaria sp.,,,,,,,,,,,,
578,920578.0,Crepis vesicaria,b,hc,h,4.1,15.7,858.0,"3, 5, 6, 17",8.0,5.0,7.0,7.0,0.0
579,200001626.0,Hordeum sp.,,,,,,,,,,,,
580,9202165.0,Veronica arvensis,a,Th,h,3.5,14.6,1077.0,"3, 4, 16",8.0,4.0,6.0,5.0,0.0
581,9205303.0,Triticum sp.,,,,,,,,,,,,
582,920696.0,Epilobium obscurum,p,hc,h,3.5,14.5,1104.0,"11, 14",6.0,8.0,5.0,5.0,0.0
583,9205194.0,Rhododendron spp.,,,,,,,,,,,,
584,92088.0,Alcea rosea,,,,,,,,,,,,
585,9201308.0,Moneses uniflora,p,hc,h,2.0,13.0,985.0,2,4.0,5.0,4.0,1.0,0.0
586,92069.0,Allium paradoxum,p,Gb,h,3.2,15.1,810.0,"1, 3",6.0,5.0,5.0,7.0,1.0
587,920119.0,Chamaemelum nobile,p,hc,h,4.6,15.7,990.0,8,8.0,7.0,5.0,5.0,0.0
588,9204552.0,Prunus sp.,,,,,,,,,,,,
589,8201110.0,Campylopus sp.,,,,,,,,,,,,
590,9202255.0,Alchemilla mollis,p,hc,h,3.5,15.0,1009.0,"3, 17",6.0,5.0,7.0,6.0,0.0
591,920271.0,Bromus racemosus,a,Th,h,4.0,15.8,852.0,"3, 6",6.0,6.0,7.0,8.0,0.0
592,920538.0,Colchicum autumnale,p,Gn,h,3.6,15.8,809.0,6,6.0,6.0,6.0,4.0,0.0
593,92020.0,Aegopodium podagraria,p,hc,h,3.6,14.6,1064.0,"3, 17",6.0,5.0,6.0,7.0,0.0
594,9204555.0,Ranunculus seedling/sp,,,,,,,,,,,,
595,9204524.0,Cerastium sp.,,,,,,,,,,,,
596,9205478.0,Narcissus pseudonarcissus,p,Gb,h,3.7,15.6,920.0,3,7.0,5.0,6.0,5.0,0.0
597,9201202.0,Luzula forsteri,p,hc,h,4.2,16.2,859.0,1,4.0,4.0,5.0,2.0,0.0
598,9204536.0,Hypericum sp.,,,,,,,,,,,,
599,9205026.0,Ligustrum sp.,,,,,,,,,,,,
600,200001640.0,Melampyrum sp.,,,,,,,,,,,,
601,9201013.0,Hypericum montanum,p,hc,h,3.8,15.6,867.0,"1, 3",7.0,4.0,8.0,2.0,0.0
602,20000407.0,Sinapis arvensis/alba,,,,,,,,,,,,
603,200001596.0,Ribes sp.,,,,,,,,,,,,
604,920592.0,Cymbalaria muralis,p,Ch,h,3.7,15.0,990.0,"3, 16, 17, 19",7.0,5.0,7.0,6.0,0.0
605,9202115.0,Ulmus minor (c),p,Ph,w,3.9,16.1,764.0,"1, 3",5.0,5.0,7.0,7.0,0.0
606,9202024.0,Symphytum officinale,p,hc,h,3.7,15.4,871.0,11,7.0,7.0,7.0,8.0,0.0
607,9202162.0,Veronica alpina,p,Ch,h,-0.7,10.9,1783.0,15,8.0,6.0,5.0,2.0,0.0
608,820593.0,Thamnobryum angustifolium,,,,,,,,,,,,
609,820126.0,Homalothecium lutescens,,,,,,,,,,,,
610,920682.0,Leymus arenarius,p,hc,h,4.0,14.3,998.0,19,9.0,5.0,7.0,6.0,3.0
611,9204679.0,Alchemilla sp.,,,,,,,,,,,,
612,920239.0,Betula pendula,p,Ph,w,3.3,14.6,1073.0,1,7.0,5.0,4.0,4.0,0.0
613,920307.0,Callitriche stagnalis sens.lat.,a,Hz,h,3.5,14.4,1105.0,"11, 13, 14",6.0,10.0,6.0,6.0,0.0
614,8201098.0,Barbula sp.,,,,,,,,,,,,
615,9201816.0,Sambucus racemosa,p,Ph,w,2.3,13.6,1048.0,"1, 3",6.0,5.0,6.0,7.0,0.0
616,820463.0,Pleurozium schreberi,,,,,,,,,,,,
617,820566.0,Sphagnum palustre,,,,,,,,,,,,
618,9201410.0,Orthilia secunda,p,Ch,h,1.4,12.2,1568.0,"2, 10, 16",5.0,5.0,5.0,3.0,0.0
619,9102054.0,Gymnocarpium robertianum,p,Gn,h,2.7,14.6,1168.0,16,7.0,3.0,8.0,4.0,0.0
620,820346.0,Hylocomium splendens,,,,,,,,,,,,
621,920691.0,Epilobium anagallidifolium,p,hc,h,0.9,11.6,1880.0,"11, 15",8.0,8.0,6.0,3.0,0.0
622,9201255.0,Melampyrum cristatum,a,Th,h,3.4,16.3,606.0,3,6.0,3.0,8.0,2.0,0.0
623,9205454.0,Taraxacum sect. vulgaria,,,,,,,,,,,,
624,9204527.0,Crepis sp.,,,,,,,,,,,,
625,9201006.0,Hypericum maculatum,p,hc,h,3.6,15.0,1016.0,"1, 3, 16",6.0,6.0,5.0,5.0,0.0
626,810872.0,Plagiochila asplenioides sens.lat.,,,,,,,,,,,,
627,820203.0,Dicranum majus,,,,,,,,,,,,
628,820485.0,Polytrichum juniperinum,,,,,,,,,,,,
629,9205203.0,Rubus seedling,,,,,,,,,,,,
630,920525.0,Claytonia perfoliata,a,Th,h,3.6,15.6,768.0,"4, 17, 19",6.0,6.0,5.0,5.0,0.0
631,8201167.0,Hypnum sp.,,,,,,,,,,,,
632,820352.0,Hypnum hamulosum,,,,,,,,,,,,
633,8201132.0,Dicranum sp.,,,,,,,,,,,,
634,82042.0,Aulacomnium palustre,,,,,,,,,,,,
635,200001619.0,Fragaria sp.,,,,,,,,,,,,
636,8201243.0,Sphagnum sp.,,,,,,,,,,,,
637,820567.0,Sphagnum papillosum,,,,,,,,,,,,
638,9201020.0,Hypochaeris radicata,p,hc,h,3.5,14.5,1104.0,6,8.0,4.0,5.0,3.0,0.0
639,820564.0,Sphagnum capillifolium,,,,,,,,,,,,
640,5503836.0,Peltigera canina,,,,,,,,,,,,
641,9201917.0,Silene acaulis,p,Ch,h,1.9,11.8,1937.0,"7, 15, 16",8.0,5.0,6.0,1.0,0.0
642,9104635.0,Equisetum sp.,,,,,,,,,,,,
643,920134.0,Apium graveolens,b,hc,h,4.3,15.8,849.0,13,8.0,8.0,7.0,7.0,2.0
644,920327.0,Cardamine amara,p,hc,h,2.9,14.7,943.0,"1, 14",6.0,9.0,7.0,6.0,0.0
645,9205234.0,Sedum sp.,,,,,,,,,,,,
646,82039.0,Atrichum tenellum,,,,,,,,,,,,
647,910717.0,Equisetum palustre,p,Gn,h,3.4,14.5,1091.0,11,7.0,8.0,6.0,3.0,0.0
648,820525.0,Racomitrium lanuginosum,,,,,,,,,,,,
649,9202137.0,Vaccinium uliginosum,p,Ch,w,1.1,11.7,1897.0,"12, 15, 16",7.0,6.0,2.0,2.0,0.0
650,820226.0,Drepanocladus revolvens,,,,,,,,,,,,
651,920677.0,Eleocharis quinqueflora,p,hc,h,3.1,13.5,1323.0,11,9.0,9.0,7.0,2.0,0.0
652,8201199.0,Philonotis sp.,,,,,,,,,,,,
653,9201802.0,Salix repens agg.,p,Pn,w,3.5,14.0,1205.0,"10, 19",8.0,7.0,6.0,3.0,0.0
654,20000868.0,Dicranella sp,,,,,,,,,,,,
655,200001439.0,Epilobium tetragon/obscurum,,,,,,,,,,,,
656,810701.0,Bazzania tricrenata,,,,,,,,,,,,
657,810874.0,Plagiochila spinulosa agg.,,,,,,,,,,,,
658,810927.0,Scapania gracilis,,,,,,,,,,,,
659,9101217.0,Huperzia selago,p,Ch,sw,2.7,13.2,1472.0,"15, 16",7.0,6.0,2.0,2.0,0.0
660,9201930.0,Silybum marianum,b,hc,h,4.0,15.8,781.0,3,8.0,4.0,8.0,6.0,1.0
661,920203.0,Aster lanceolatus x novi-belgii (A. x salignus),p,hc,h,3.8,15.6,890.0,"3, 17",7.0,5.0,7.0,6.0,1.0
662,920435.0,Catapodium rigidum,a,Th,h,4.1,15.5,878.0,"7, 17",8.0,3.0,7.0,2.0,0.0
663,920547.0,Cornus alba,,,,,,,,,,,,
664,920456.0,Anagallis minima,a,Th,h,4.2,14.8,1155.0,3,8.0,7.0,5.0,3.0,0.0
665,920147.0,Arabis scabra,p,Ch,h,4.4,16.5,844.0,16,7.0,3.0,8.0,2.0,0.0
666,9204916.0,Festuca ovina/rubra (vegetative),,,,,,,,,,,,
667,910210.0,Athyrium distentifolium,p,hc,h,0.3,11.2,2098.0,15,6.0,6.0,3.0,4.0,0.0
668,8201226.0,Racomitrium sp.,,,,,,,,,,,,
669,9201787.0,Salix aurita,p,Pn,w,3.4,14.2,1190.0,"1, 16",7.0,8.0,4.0,3.0,0.0
670,9207117.0,Carex viridula,p,hc,h,3.5,14.2,1169.0,"11, 14, 19",8.0,8.0,6.0,2.0,0.0
671,9207118.0,Carex viridula subsp.viridula,p,hc,h,3.8,13.9,1278.0,"11, 19",8.0,7.0,7.0,3.0,1.0
672,9202015.0,Stellaria palustris,p,hc,h,3.6,15.5,793.0,11,7.0,8.0,6.0,4.0,0.0
673,820389.0,Rhizomnium punctatum,,,,,,,,,,,,
674,82041.0,Aulacomnium androgynum,,,,,,,,,,,,
675,200001676.0,Polypodium sp.,,,,,,,,,,,,
676,920413.0,Carex riparia,p,hc,h,3.9,15.7,814.0,"11, 14",7.0,9.0,7.0,7.0,0.0
677,9201279.0,Mentha aquatica x spicata (M. x piperita),,,,,,,,,,,,
678,20000861.0,Calliergon sp,,,,,,,,,,,,
679,920131.0,Aphanes arvensis agg.,a,Th,h,3.6,14.7,1038.0,"4, 8, 16",7.0,4.0,6.0,4.0,0.0
680,2000087.0,Carex pulicaris/serotina,,,,,,,,,,,,
681,820479.0,Pogonatum aloides,,,,,,,,,,,,
682,820488.0,Polytrichum piliferum,,,,,,,,,,,,
683,820335.0,Hookeria lucens,,,,,,,,,,,,
684,920911.0,Geranium molle,a,Th,h,3.7,14.8,1026.0,"3, 4",7.0,5.0,6.0,5.0,0.0
685,200001647.0,Phalaris sp.,,,,,,,,,,,,
686,920340.0,Carex acuta,p,hc,h,3.5,15.5,830.0,11,7.0,9.0,7.0,5.0,0.0
687,9201861.0,Scirpus sylvaticus,p,hc,h,3.4,15.2,921.0,"1, 11",6.0,8.0,6.0,6.0,0.0
688,200001651.0,Populus sp.,,,,,,,,,,,,
689,810812.0,Lophocolea bidentata var.bidentata,,,,,,,,,,,,
690,9204831.0,Corydalis sp.,,,,,,,,,,,,
691,9204807.0,Cirsium sp.,,,,,,,,,,,,
692,9201551.0,Populus canescens,p,Ph,w,3.8,15.6,819.0,"1, 3",6.0,6.0,6.0,5.0,0.0
693,920172.0,Seriphidium maritimum,p,Ch,h,4.3,15.8,783.0,21,9.0,7.0,8.0,6.0,5.0
694,200001141.0,Luzula sp.,,,,,,,,,,,,
695,9104623.0,Asplenium sp.,,,,,,,,,,,,
696,920936.0,Glyceria notata,p,Hy,h,3.6,15.2,902.0,"11, 14",7.0,10.0,6.0,7.0,0.0
697,9201323.0,Myosotis secunda,p,hc,h,3.3,14.0,1237.0,11,6.0,9.0,5.0,4.0,0.0
698,9201227.0,Lythrum salicaria,p,hc,h,4.0,15.0,1024.0,11,7.0,9.0,7.0,5.0,0.0
699,9204752.0,Bromus sp.,,,,,,,,,,,,
700,200001182.0,Festuca sp.,,,,,,,,,,,,
701,9204533.0,Galium sp.,,,,,,,,,,,,
702,9201745.0,Rumex hydrolapathum,p,hc,h,3.9,15.7,812.0,11,7.0,10.0,7.0,6.0,0.0
703,9201521.0,Persicaria amphibia,p,Hy,h,3.7,14.9,986.0,"11, 13",7.0,10.0,6.0,6.0,0.0
704,820607.0,Tortella tortuosa,,,,,,,,,,,,
705,9204526.0,Cotoneaster sp.,,,,,,,,,,,,
706,9201719.0,Rosa pimpinellifolia,p,Ch,w,3.8,14.4,1124.0,"10, 16, 19",8.0,3.0,6.0,3.0,0.0
707,9201129.0,Leontodon autumnalis,p,hc,h,3.5,14.4,1103.0,6,8.0,6.0,6.0,4.0,1.0
708,820402.0,Neckera crispa,,,,,,,,,,,,
709,920364.0,Carex digitata,p,hc,h,3.3,15.5,859.0,"1, 16",5.0,5.0,8.0,4.0,0.0
710,920962.0,Helictotrichon pubescens,p,hc,h,3.5,14.6,1038.0,"6, 7",7.0,4.0,7.0,3.0,0.0
711,920996.0,Humulus lupulus,p,hc,h,3.8,15.8,833.0,3,6.0,7.0,7.0,8.0,0.0
712,920200.0,Aster novae-angliae,p,hc,h,3.9,16.1,806.0,3,7.0,5.0,7.0,6.0,0.0
713,920101.0,Anaphalis margaritacea,p,hc,h,3.6,14.8,1167.0,"1, 3",8.0,5.0,6.0,3.0,0.0
714,92070.0,Allium roseum,p,Gb,h,4.9,16.1,878.0,"3, 16",7.0,4.0,6.0,5.0,0.0
715,920158.0,Arenaria ciliata,p,Ch,h,2.6,12.9,1454.0,15,9.0,5.0,8.0,2.0,0.0
716,920204.0,Aster tripolium,p,hc,h,4.3,14.8,1109.0,21,9.0,8.0,7.0,6.0,5.0
717,920455.0,Centranthus ruber,p,Ch,h,4.0,15.5,896.0,"3, 16, 17, 18",8.0,4.0,8.0,5.0,1.0
718,9201447.0,Petasites hybridus,p,Gn,h,3.6,14.8,1002.0,14,6.0,7.0,7.0,7.0,0.0
719,920133.0,Aphanes inexspectata,a,Th,h,3.5,14.6,1070.0,"8, 16",7.0,4.0,5.0,4.0,0.0
720,92087.0,Althaea officinalis,p,hc,h,4.4,16.4,774.0,"13, 21",7.0,7.0,8.0,4.0,2.0
721,920141.0,Aquilegia vulgaris,p,hc,h,3.6,15.0,986.0,"1, 3, 16",6.0,4.0,6.0,5.0,0.0
722,9202049.0,Thalictrum minus,p,hc,h,3.4,14.0,1185.0,"16, 19",7.0,4.0,6.0,3.0,0.0
723,8101311.0,Marchantia spp.,,,,,,,,,,,,
724,9201470.0,Picea abies,p,Ph,w,3.2,14.7,1054.0,2,7.0,6.0,3.0,4.0,0.0
725,200004000.0,Helleborus sp.,,,,,,,,,,,,
726,9204579.0,Agrostis sp.,,,,,,,,,,,,
727,8101306.0,Lepidozia sp.,,,,,,,,,,,,
728,9202401.0,Picea sitchensis,p,Ph,w,3.2,14.1,1223.0,2,7.0,7.0,2.0,2.0,0.0
729,820512.0,Ptilium crista-castrensis,,,,,,,,,,,,
730,5505962.0,Cladonia sp.,,,,,,,,,,,,
731,9204551.0,Potamogeton sp.,,,,,,,,,,,,
732,9205266.0,Stellaria seedling/sp,,,,,,,,,,,,
733,200001645.0,Pedicularis sp.,,,,,,,,,,,,
734,9104634.0,Dryopteris sp.,,,,,,,,,,,,
735,20000994.0,Plagiothecium sp,,,,,,,,,,,,
736,820363.0,Isothecium myurum,,,,,,,,,,,,
737,920839.0,Frangula alnus,p,Ph,w,3.8,15.8,881.0,1,6.0,8.0,5.0,5.0,0.0
738,9205232.0,Scutellaria sp.,,,,,,,,,,,,
739,5502919.0,Cladonia squamosa,,,,,,,,,,,,
740,810706.0,Calypogeia fissa,,,,,,,,,,,,
741,92038.0,Agrostis curtisii,p,hc,h,4.9,15.8,1082.0,"8, 10",7.0,6.0,2.0,1.0,0.0
742,9201767.0,Sagina procumbens,p,hc,h,3.5,14.4,1106.0,"6, 16, 17",7.0,6.0,6.0,5.0,1.0
743,9209184.0,Allium cepa,p,Gb,h,3.9,15.8,823.0,4,7.0,4.0,7.0,8.0,0.0
744,9201004.0,Hypericum calycinum,p,Ch,w,4.0,15.6,884.0,3,5.0,7.0,5.0,5.0,0.0
745,5505253.0,Cladonia squamules/sp,,,,,,,,,,,,
746,9204549.0,Polygonum sp.,,,,,,,,,,,,
747,920259.0,Bromopsis benekenii,p,hc,h,3.0,15.3,896.0,1,5.0,5.0,7.0,5.0,0.0
748,9204546.0,Pinus sp./seedling,,,,,,,,,,,,
749,9201818.0,Sanguisorba officinalis,p,hc,h,3.2,15.1,938.0,6,7.0,7.0,6.0,5.0,0.0
750,920524.0,Claytonia sibirica,a,Th,h,3.2,14.4,1092.0,"1, 3",5.0,7.0,6.0,6.0,0.0
751,9201312.0,Montia fontana,a,Th,h,3.4,14.1,1198.0,11,7.0,9.0,5.0,3.0,0.0
752,8101284.0,Diplophyllum sp.,,,,,,,,,,,,
753,9205262.0,Spergularia sp.,,,,,,,,,,,,
754,8201206.0,Plagiothecium sp.,,,,,,,,,,,,
755,200001629.0,Impatiens sp.,,,,,,,,,,,,
756,9201028.0,Impatiens parviflora,a,Th,h,3.5,15.7,821.0,1,4.0,5.0,7.0,8.0,0.0
757,820559.0,Sphagnum girgensohnii,,,,,,,,,,,,
758,9101411.0,Osmunda regalis,p,hc,h,4.2,14.5,1225.0,"1, 11",6.0,9.0,5.0,4.0,0.0
759,9204443.0,Mentha sp.,,,,,,,,,,,,
760,9204931.0,Galeopsis sp.,,,,,,,,,,,,
761,9201241.0,Tripleurospermum maritimum sens.lat.,a,Th,h,4.4,14.5,1132.0,"4, 17, 18, 19",8.0,5.0,6.0,6.0,1.0
762,5502912.0,Cladonia pyxidata,,,,,,,,,,,,
763,5505338.0,Cladonia cf.coccifera,,,,,,,,,,,,
764,8201213.0,Pohlia sp.,,,,,,,,,,,,
765,9204842.0,Cupressus sp.,,,,,,,,,,,,
766,9104651.0,Polystichum sp.,,,,,,,,,,,,
767,9204547.0,Poa sp.,,,,,,,,,,,,
768,9201306.0,Moenchia erecta,a,Th,h,4.2,16.0,823.0,8,9.0,4.0,4.0,3.0,0.0
769,9201440.0,Pastinaca sativa,b,hc,h,3.8,16.0,774.0,"3, 6, 7",7.0,4.0,7.0,5.0,0.0
770,9201218.0,Anchusa arvensis,a,Th,h,3.7,15.0,874.0,4,7.0,4.0,6.0,5.0,0.0
771,9201593.0,Potentilla recta,,,,,,,,,,,,
772,9201298.0,Mimulus seedling/sp,p,hc,h,3.2,14.3,1106.0,"13, 14",7.0,9.0,6.0,5.0,0.0
773,9204564.0,Vicia seedling/sp,,,,,,,,,,,,
774,9201528.0,Fallopia japonica,p,Gn,h,3.7,14.8,1043.0,"3, 14, 17",6.0,7.0,6.0,6.0,0.0
775,8101275.0,Calypogeia sp.,,,,,,,,,,,,
776,920359.0,Carex curta,p,hc,h,2.7,13.6,1303.0,11,8.0,9.0,3.0,2.0,0.0
777,820557.0,Sphagnum fimbriatum,,,,,,,,,,,,
778,820571.0,Sphagnum recurvum,,,,,,,,,,,,
779,82080.0,Brachythecium rivulare,,,,,,,,,,,,
780,820575.0,Sphagnum squarrosum,,,,,,,,,,,,
781,920423.0,Carex vaginata,p,hc,h,-0.1,11.3,1904.0,15,7.0,6.0,6.0,3.0,0.0
782,920675.0,Eleocharis palustris,p,Hy,h,3.5,14.5,1098.0,11,8.0,10.0,6.0,4.0,1.0
783,9201289.0,Menyanthes trifoliata,p,Gn,h,3.4,14.1,1201.0,11,8.0,10.0,4.0,3.0,0.0
784,92098.0,Anacamptis pyramidalis,p,Gn,h,4.1,15.5,861.0,7,8.0,4.0,8.0,3.0,0.0
785,920530.0,Clinopodium vulgare,p,hc,h,3.5,15.4,880.0,7,7.0,4.0,7.0,4.0,0.0
786,9201672.0,Reseda lutea,p,hc,h,3.6,15.7,808.0,3,7.0,4.0,7.0,5.0,0.0
787,9202157.0,Verbascum thapsus,b,hc,h,3.7,15.2,918.0,3,7.0,4.0,7.0,5.0,0.0
788,920854.0,Fumaria officinalis,a,Th,h,3.6,15.0,912.0,"3, 4",6.0,5.0,7.0,6.0,0.0
789,920254.0,Brassica rapa,a,Th,h,3.9,15.0,993.0,4,7.0,5.0,7.0,6.0,0.0
790,9202206.0,Viola arvensis,a,Th,h,3.6,15.0,940.0,4,8.0,4.0,6.0,6.0,0.0
