,BRC,species,preneation,life form,woodiness,Tjan,Tjul,Prec,Br Habitats,L,F,R,N,S,ms,flag
335,9202397,Abies procera,p,Ph,wt,,,,,,,,,,em,0
537,9204658,Abies sp.,p,Ph,wt,,,,,,,,,,em,0
147,9203,Acer campestre,p,Ph,wt,3.6,15.7,839,"1, 3",5,5,7,6,0,am,0
331,9204,Acer platanoides,p,Ph,wt,3.4,15.2,903,"1, 3, 17",4,5,7,7,0,am,0
4,9205,Acer pseudoplatanus,p,Ph,wt,3.6,14.6,1083,"1, 3, 17",4,5,6,6,0,am,2
160,9207,Achillea millefolium,p,Ch,h,3.5,14.5,1103,"5, 6",7,5,6,4,1,,0
285,92014,Aconitum napellus,p,Gn,h,4,15.8,964,"1, 3, 14, 17",5,7,7,6,0,,0
266,92016,Actaea spicata,p,Gn,h,2.5,14.3,1054,16,3,5,8,6,0,,0
172,92019,Adoxa moschatellina,p,Gn,h,3.3,14.9,1005,1,4,5,6,5,0,,0
593,92020,Aegopodium podagraria,p,hc,h,3.6,14.6,1064,"3, 17",6,5,6,7,0,,0
267,9202241,Aesculus hippocastanum,p,Ph,wt,3.6,14.8,1014,"3, 17",5,5,7,7,0,am,0
271,92022,Agrimonia eupatoria,p,hc,h,3.8,15.1,953,6,7,4,7,4,0,,0
16,92035,Agrostis canina sens.lat.,p,hc,h,3.4,14.3,1145,"8, 11",7,6,3,3,0,,2
20,92040,Agrostis capillaris,p,hc,h,3.5,14.5,1104,8,6,5,4,4,0,,2
741,92038,Agrostis curtisii,p,hc,h,4.9,15.8,1082,"8, 10",7,6,2,1,0,,0
117,92036,Agrostis gigantea,p,hc,h,3.6,15.3,889,"3, 4",7,6,6,7,0,,0
726,9204579,Agrostis sp.,p,hc,h,,,,,,,,,,,0
33,92039,Agrostis stolonifera,p,hc,h,3.6,14.5,1101,"4, 5, 6",7,6,7,6,1,,2
340,92042,Aira praecox,a,Th,h,3.5,14.3,1149,"8, 16",8,2,4,2,0,,0
13,92046,Ajuga reptans,p,hc,h,3.4,14.6,1095,1,5,7,5,5,0,,0
584,92088,Alcea rosea,p,hc,h,,,,,,,,,,,0
346,92051,Alchemilla glabra,p,hc,h,2.6,13.4,1338,"6, 15, 16",7,6,6,4,0,,0
590,9202255,Alchemilla mollis,p,hc,h,3.5,15,1009,"3, 17",6,5,7,6,0,,0
611,9204679,Alchemilla sp.,p,hc,h,,,,,,,,,,,0
434,92063,Alisma plantago-aquatica,p,Hy,h,3.8,15.2,950,"11, 13",7,10,7,7,0,,0
259,92064,Alliaria petiolata,b,hc,h,3.6,15.1,935,3,5,6,7,8,0,,0
549,9208283,Allium ampeloprasum,p,Gb,h,5.5,15.5,1068,3,8,4,6,5,0,,0
743,9209184,Allium cepa,p,Gb,h,3.9,15.8,823,4,7,4,7,8,0,,0
586,92069,Allium paradoxum,p,Gb,h,3.2,15.1,810,"1, 3",6,5,5,7,1,,0
714,92070,Allium roseum,p,Gb,h,4.9,16.1,878,"3, 16",7,4,6,5,0,,0
142,92075,Allium ursinum,p,Gb,h,3.5,14.8,1065,1,4,6,7,7,0,,2
244,92077,Alnus glutinosa,p,Ph,wt,3.5,14.5,1100,"1, 14",5,8,6,6,0,d,2
559,92081,Alopecurus bulbosus,p,hc,h,4.6,16.4,826,6,8,7,7,5,3,,0
570,92082,Alopecurus geniculatus,p,hc,h,3.5,14.5,1087,6,8,7,6,6,1,,0
538,92084,Alopecurus myosuroides,a,Th,h,3.7,15.9,765,4,6,5,7,6,0,,0
199,92085,Alopecurus pratensis,p,hc,h,3.5,14.7,1032,6,7,5,6,7,0,,0
720,92087,Althaea officinalis,p,hc,h,4.4,16.4,774,"13, 21",7,7,8,4,2,,0
784,92098,Anacamptis pyramidalis,p,Gn,h,4.1,15.5,861,7,8,4,8,3,0,,0
517,92099,Anagallis arvensis,a,Th,h,4,15.2,962,4,7,4,6,5,0,,0
664,920456,Anagallis minima,a,Th,h,4.2,14.8,1155,3,8,7,5,3,0,,0
100,920100,Anagallis tenella,p,hc,h,4,14.6,1139,11,8,8,5,3,0,,0
713,920101,Anaphalis margaritacea,p,hc,h,3.6,14.8,1167,"1, 3",8,5,6,3,0,,0
770,9201218,Anchusa arvensis,a,Th,h,3.7,15,874,4,7,4,6,5,0,,0
141,920105,Anemone nemorosa,p,Gn,h,3.3,14.5,1113,"1, 16",5,6,5,4,0,,0
575,920108,Angelica archangelica,b,hc,h,,,,,,,,,,,0
45,920109,Angelica sylvestris,p,hc,h,3.5,14.4,1109,"11, 16",7,8,6,5,0,,0
527,920113,Anisantha sterilis,a,Th,h,3.8,15.3,893,"3, 4, 17",7,5,8,7,0,,0
520,920122,Anthoxanthum aristatum,a,Th,h,3.9,16,775,"4, 17",7,4,4,5,0,,0
134,920121,Anthoxanthum odoratum,p,hc,h,3.5,14.4,1106,6,7,6,4,3,0,,0
215,920125,Anthriscus sylvestris,p,hc,h,3.6,14.6,1039,3,6,5,7,7,0,,2
679,920131,Aphanes arvensis agg.,a,Th,h,3.6,14.7,1038,"4, 8, 16",7,4,6,4,0,,0
719,920133,Aphanes inexspectata,a,Th,h,3.5,14.6,1070,"8, 16",7,4,5,4,0,,0
643,920134,Apium graveolens,b,hc,h,4.3,15.8,849,13,8,8,7,7,2,,0
328,920137,Apium nodiflorum,p,Hy,h,4,15.2,961,14,7,10,7,7,0,,0
721,920141,Aquilegia vulgaris,p,hc,h,3.6,15,986,"1, 3, 16",6,4,6,5,0,,0
360,920142,Arabidopsis thaliana,a,Th,h,3.5,14.8,1034,"16, 17",8,3,6,2,0,,0
415,920146,Arabis hirsuta,b,hc,h,3.3,14.6,1104,"7, 16",7,5,8,3,0,,0
665,920147,Arabis scabra,p,Ch,h,4.4,16.5,844,16,7,3,8,2,0,,0
573,920149,Arbutus unedo,p,Ph,wt,4.7,14.4,1335,"1, 16",6,5,7,2,0,er,0
112,920150,Arctium agg.,b,hc,h,,,,,,,,,,,0
372,920155,Arctostaphylos uva-ursi,p,Ch,ws,2.1,12.3,1615,"10, 15",7,5,2,2,0,em,1
715,920158,Arenaria ciliata,p,Ch,h,2.6,12.9,1454,15,9,5,8,2,0,,0
574,920160,Arenaria norvegica subsp.norvegica,p,hc,h,,,,,,,,,,,0
107,920169,Arrhenatherum elatius,p,hc,h,3.6,14.5,1089,"3, 6",7,5,7,7,0,,0
472,920175,Artemisia vulgaris,p,hc,h,3.7,14.9,984,"3, 17",7,4,8,7,0,,0
145,920176,Arum maculatum,p,Gn,h,3.9,15.3,931,1,4,5,7,7,0,,0
414,910192,Asplenium ruta-muraria,p,hc,h,3.7,14.7,1074,"3, 16, 17",7,3,7,2,0,,0
154,910185,Asplenium sp ,p,hc,h,3.7,14.6,1110,"3, 16",6,4,5,5,0,,0
695,9104623,Asplenium sp.,p,hc,h,,,,,,,,,,,0
194,910194,Asplenium trichomanes,p,hc,h,3.6,14.5,1121,"3, 16, 17",5,3,8,2,0,,0
661,920203,Aster lanceolatus x novi-belgii (A. x salignus),p,hc,h,3.8,15.6,890,"3, 17",7,5,7,6,1,,0
712,920200,Aster novae-angliae,p,hc,h,3.9,16.1,806,3,7,5,7,6,0,,0
716,920204,Aster tripolium,p,hc,h,4.3,14.8,1109,21,9,8,7,6,5,,0
667,910210,Athyrium distentifolium,p,hc,h,0.3,11.2,2098,15,6,6,3,4,0,,0
122,910211,Athyrium filix-femina,p,hc,h,3.5,14.4,1132,"1, 16",5,7,5,6,0,,0
497,200001537,Atrichum sp.,p,moss,moss,,,,,,,,,,,0
646,82039,Atrichum tenellum,p,moss,moss,,,,,,,,,,,0
235,920218,Atriplex patula,a,Th,h,3.7,14.8,1013,"3, 4",7,5,7,7,2,,0
223,920219,Atropa belladonna,p,hc,h,3.6,16.1,717,"1, 3",5,4,8,6,0,,0
674,82041,Aulacomnium androgynum,p,moss,moss,,,,,,,,,,,0
634,82042,Aulacomnium palustre,p,moss,moss,,,,,,,,,,,0
423,9202988,Avena sativa,a,Th,h,3.9,15.4,903,4,7,5,7,7,0,,0
89,920309,Calluna vulgaris,p,Ch,ws,3.5,14.3,1157,"10, 12",7,6,2,2,0,er,2
614,8201098,Barbula sp.,p,moss,moss,,,,,,,,,,,0
656,810701,Bazzania tricrenata,p,liverwort,liverwort,,,,,,,,,,,0
131,920231,Bellis perennis,p,hc,h,3.5,14.5,1105,"5, 6",8,5,6,4,0,,0
612,920239,Betula pendula,p,Ph,wt,3.3,14.6,1073,1,7,5,4,4,0,em,0
208,920240,Betula pubescens,p,Ph,wt,3.4,14.4,1123,1,7,7,4,4,0,em,0
7,9204445,Betula seedling/sp,p,Ph,wt,,,,,,,,,,em,2
91,910244,Blechnum spicant,p,hc,h,3.5,14.1,1198,"1, 2, 10, 16",5,6,3,3,0,,0
21,920250,Brachypodium sylvaticum,p,hc,h,3.7,14.7,1062,1,6,5,6,5,0,,0
779,82080,Brachythecium rivulare,p,moss,moss,,,,,,,,,,,0
487,8201103,Brachythecium sp.,p,moss,moss,,,,,,,,,,,0
789,920254,Brassica rapa,a,Th,h,3.9,15,993,4,7,5,7,6,0,,0
411,920256,Briza media,p,hc,h,3.5,14.9,971,7,8,5,7,3,0,,0
747,920259,Bromopsis benekenii,p,hc,h,3,15.3,896,1,5,5,7,5,0,,0
221,920263,Bromopsis erecta,p,hc,h,3.7,15.9,764,7,7,4,8,3,0,,0
118,920272,Bromopsis ramosa,p,hc,h,3.5,14.9,995,1,4,6,7,7,0,,0
449,920269,Bromus hordeaceus,a,Th,h,3.7,14.7,1051,"4, 6",8,4,7,4,0,,0
591,920271,Bromus racemosus,a,Th,h,4,15.8,852,"3, 6",6,6,7,8,0,,0
699,9204752,Bromus sp.,a,Th,h,,,,,,,,,,,0
278,920276,Bryonia dioica,p,Gn,h,3.6,16,726,3,7,5,7,7,0,,0
556,2500,Bryophyte sp.,p,moss,moss,,,,,,,,,,,0
562,8201106,Bryum sp.,p,moss,moss,,,,,,,,,,,0
555,920293,Calamagrostis epigejos,p,hc,h,3.7,15.7,812,"3, 11",7,7,7,6,0,,0
531,8204,Calliergon cuspidatum,p,moss,moss,,,,,,,,,,,0
678,20000861,Calliergon sp,p,moss,moss,,,,,,,,,,,0
241,9202249,Callitriche seedling/sp,a,Hz,h,,,,,,,,,,,0
613,920307,Callitriche stagnalis sens.lat.,a,Hz,h,3.5,14.4,1105,"11, 13, 14",6,10,6,6,0,,0
177,920528,Clematis vitalba,p,Ph,ws,4,16,815,3,6,4,8,5,0,am,0
232,920310,Caltha palustris,p,hc,h,3.4,14.4,1111,11,7,9,6,4,0,,0
740,810706,Calypogeia fissa,p,liverwort,liverwort,,,,,,,,,,,0
775,8101275,Calypogeia sp.,p,liverwort,liverwort,,,,,,,,,,,0
528,920311,Calystegia sepium,p,Gn,h,3.8,14.9,1021,"11, 14",7,8,7,7,1,,0
219,920315,Campanula glomerata,p,hc,h,3.4,15.8,737,7,8,4,7,3,0,,0
220,920316,Campanula latifolia,p,hc,h,2.9,14.6,914,1,4,5,7,6,0,,0
316,920322,Campanula rotundifolia,p,hc,h,3.2,14.4,1104,7,7,4,5,2,0,,0
181,920323,Campanula trachelium,p,hc,h,3.6,16,753,1,4,5,7,6,0,,0
484,820141,Campylopus introflexus,p,moss,moss,,,,,,,,,,,0
589,8201110,Campylopus sp.,p,moss,moss,,,,,,,,,,,0
158,920325,Capsella bursa-pastoris,a,Th,h,3.6,14.6,1073,"4, 17",7,5,7,7,0,,0
644,920327,Cardamine amara,p,hc,h,2.9,14.7,943,"1, 14",6,9,7,6,0,,0
101,920328,Cardamine flexuosa,p,hc,h,3.5,14.5,1110,1,5,7,6,6,0,,0
102,2000070,Cardamine hirsuta/flexuosa,p,hc,h,,,,,,,,,,,0
245,920331,Cardamine pratensis,p,hc,h,3.5,14.4,1104,"6, 11",7,8,5,4,0,,0
273,920335,Carduus crispus,b,hc,h,3.5,15.4,832,3,7,4,8,7,0,,0
686,920340,Carex acuta,p,hc,h,3.5,15.5,830,11,7,9,7,5,0,,0
341,920350,Carex binervis,p,hc,h,3.3,14,1243,"8, 10, 16",7,6,3,2,0,,0
197,920355,Carex caryophyllea,p,hc,h,3.4,14.7,1079,7,7,4,7,2,0,,0
776,920359,Carex curta,p,hc,h,2.7,13.6,1303,11,8,9,3,2,0,,0
709,920364,Carex digitata,p,hc,h,3.3,15.5,859,"1, 16",5,5,8,4,0,,0
461,920366,Carex distans,p,hc,h,4.3,15,1039,21,8,6,7,5,3,,0
255,920370,Carex echinata,p,hc,h,3.4,14.1,1207,"11, 12, 14",8,8,3,2,0,,0
307,920376,Carex flacca,p,hc,h,3.5,14.5,1104,"7, 11",7,5,6,2,0,,0
498,920381,Carex hirta,p,hc,h,3.7,15,963,6,7,7,7,6,0,,0
456,920385,Carex laevigata,p,hc,h,3.6,14.4,1240,"1, 16",5,8,5,4,0,,0
342,920393,Carex nigra,p,hc,h,3.5,14.3,1131,11,7,8,4,2,0,,0
361,920397,Carex ovalis,p,hc,h,3.4,14.3,1138,"3, 10",7,7,5,4,0,,0
392,920399,Carex pallescens,p,hc,h,3,14.2,1236,1,6,6,5,4,0,,0
339,920400,Carex panicea,p,hc,h,3.5,14.3,1139,11,8,8,4,2,0,,0
403,920401,Carex paniculata,p,hc,h,3.7,14.9,1036,"1, 11",6,9,6,6,0,,0
78,920404,Carex pendula,p,hc,h,3.9,15.3,928,"1, 14",5,8,7,6,0,,0
389,920405,Carex pilulifera,p,hc,h,3.3,14.1,1197,8,7,5,3,2,0,,0
463,920407,Carex pseudocyperus,p,hc,h,3.8,16,754,11,7,9,6,6,0,,0
391,920408,Carex pulicaris,p,hc,h,3.3,13.9,1239,"11, 16",8,7,5,2,0,,0
680,2000087,Carex pulicaris/serotina,p,hc,h,,,,,,,,,,,0
46,920412,Carex remota,p,hc,h,3.7,14.8,1063,"1, 14",4,8,6,6,0,,0
676,920413,Carex riparia,p,hc,h,3.9,15.7,814,"11, 14",7,9,7,7,0,,0
436,920414,Carex rostrata,p,Hy,h,3.3,14,1193,11,8,10,4,2,0,,0
568,9204583,Carex seedling/sp,p,hc,h,,,,,,,,,,,0
209,920420,Carex strigosa,p,hc,h,3.8,15.7,841,"1, 14",3,8,7,6,0,,0
48,920421,Carex sylvatica,p,hc,h,3.6,14.8,1050,1,4,5,6,5,0,,0
781,920423,Carex vaginata,p,hc,h,-0.1,11.3,1904,15,7,6,6,3,0,,0
428,920424,Carex vesicaria,p,Hy,h,3.3,14.6,1072,11,8,10,5,4,0,,0
670,9207117,Carex viridula,p,hc,h,3.5,14.2,1169,"11, 14, 19",8,8,6,2,0,,0
306,920361,Carex viridula subsp.oedocarpa,p,hc,h,3.4,14.2,1194,14,8,8,4,2,0,,0
671,9207118,Carex viridula subsp.viridula,p,hc,h,3.8,13.9,1278,"11, 19",8,7,7,3,1,,0
416,920427,Carlina vulgaris,b,hc,h,3.9,15.3,947,7,8,4,7,2,0,,0
302,920428,Carpinus betulus,p,Ph,wt,3.6,15.4,895,1,4,5,5,6,0,em,2
446,920431,Carum verticillatum,p,hc,h,3.4,13.9,1578,"11, 14",7,8,4,2,0,,0
10,920432,Castanea sativa,p,Ph,wt,3.6,15.2,950,1,5,5,5,5,0,em,0
662,920435,Catapodium rigidum,a,Th,h,4.1,15.5,878,"7, 17",8,3,7,2,0,,0
83,920444,Centaurea nigra,p,hc,h,3.6,14.5,1093,"6, 7",7,5,6,5,0,,0
281,9205486,Centaurium erythraea,b,hc,h,4,15.1,980,"7, 19",8,5,6,3,0,,0
717,920455,Centranthus ruber,p,Ch,h,4,15.5,896,"3, 16, 17, 18",8,4,8,5,1,,0
566,920457,Cephalanthera damasonium,p,Gn,h,3.7,16.2,763,1,4,4,7,5,0,,0
312,920458,Cephalanthera longifolia,p,Gn,h,3.7,14.7,1166,1,5,4,7,4,0,,0
34,920467,Cerastium fontanum,p,Ch,h,3.5,14.4,1106,"5, 6",7,5,5,4,0,,0
288,920466,Cerastium glomeratum,a,Th,h,3.6,14.5,1079,"3, 5",7,5,6,5,0,,0
595,9204524,Cerastium sp.,a,Th,h,,,,,,,,,,,0
381,920555,Ceratocapnos claviculata,a,Th,h,3.3,14.6,1111,"1, 9",5,5,4,5,0,,0
466,920471,Ceratophyllum demersum,p,Hy,h,3.7,15.8,770,13,7,12,7,7,1,,0
274,920476,Chaerophyllum temulum,b,hc,h,3.6,15.4,890,3,6,5,7,7,0,,0
587,920119,Chamaemelum nobile,p,hc,h,4.6,15.7,990,8,8,7,5,5,0,,0
63,920477,Chamerion angustifolium,p,Gn,h,3.4,14.5,1075,"3, 17",6,5,6,5,0,,0
569,920481,Chenopodium album agg.,a,Th,h,3.7,14.8,1018,4,7,5,7,7,1,,0
521,200001582,Chenopodium album/polyspermum,a,Th,h,,,,,,,,,,,0
338,920505,Chrysosplenium alternifolium,p,hc,h,2.8,14.4,1042,"11, 14",5,8,6,6,0,,0
248,920506,Chrysosplenium oppositifolium,p,Ch,h,3.4,14.3,1168,"1, 14",5,9,5,5,0,,2
430,920510,Cicuta virosa,p,Hy,h,3.5,14.8,926,"11, 13, 14",7,10,7,5,0,,0
30,920513,Circaea lutetiana,p,Gn,h,3.7,14.9,1041,1,4,6,7,6,0,,0
536,820157,Cirriphyllum piliferum,p,moss,moss,,,,,,,,,,,0
64,920515,Cirsium arvense,p,Gn,h,3.6,14.5,1092,"3, 4, 5, 6",8,6,7,6,0,,0
393,920518,Cirsium heterophyllum,p,hc,h,2,12.9,1476,"6, 16",7,6,6,5,0,,0
79,920520,Cirsium palustre,b,hc,h,3.5,14.5,1105,"11, 14",7,8,5,4,0,,0
691,9204807,Cirsium sp.,b,hc,h,,,,,,,,,,,0
113,920522,Cirsium vulgare,b,hc,h,3.5,14.5,1103,"3, 5, 6, 7",7,5,6,6,0,,0
763,5505338,Cladonia cf.coccifera,p,lichen,lichen,,,,,,,,,,,0
511,5502874,Cladonia coniocraea,p,lichen,lichen,,,,,,,,,,,0
762,5502912,Cladonia pyxidata,p,lichen,lichen,,,,,,,,,,,0
730,5505962,Cladonia sp.,p,lichen,lichen,,,,,,,,,,,0
739,5502919,Cladonia squamosa,p,lichen,lichen,,,,,,,,,,,0
745,5505253,Cladonia squamules/sp,p,lichen,lichen,,,,,,,,,,,0
630,920525,Claytonia perfoliata,a,Th,h,3.6,15.6,768,"4, 17, 19",6,6,5,5,0,,0
750,920524,Claytonia sibirica,a,Th,h,3.2,14.4,1092,"1, 3",5,7,6,6,0,,0
663,920547,Cornus alba,p,Ph,ws,,,,,,,,,,am,0
576,820158,Climacium dendroides,p,moss,moss,,,,,,,,,,,0
785,920530,Clinopodium vulgare,p,hc,h,3.5,15.4,880,7,7,4,7,4,0,,0
558,920534,Cochlearia micacea,b,hc,h,0.2,11.4,2221,15,8,8,7,2,0,,0
592,920538,Colchicum autumnale,p,Gn,h,3.6,15.8,809,6,6,6,6,4,0,,0
148,920541,Conopodium majus,p,Gn,h,3.5,14.5,1102,"1, 6",6,5,5,5,0,,0
291,920543,Convallaria majalis,p,Gn,h,3.3,15.5,831,"1, 7",5,5,6,5,0,,0
58,920544,Convolvulus arvensis,p,Gn,h,3.8,15.2,929,"3, 4",7,4,8,6,0,,0
156,920548,Cornus sanguinea,p,Ph,ws,3.7,15.8,810,"1, 3",7,5,7,6,0,am,0
418,920562,Cotoneaster integrifolius,p,Pn,ws,3.9,14.7,1194,"3, 17",7,3,7,4,0,am,0
690,9204831,Corydalis sp.,a,Th,h,,,,,,,,,,,0
146,920557,Corylus avellana,p,Ph,wt,3.5,14.6,1094,"1, 3",4,5,6,6,0,em,2
227,920617,Daphne laureola,p,Pn,ws,3.7,16,760,1,4,5,7,5,0,am,0
438,920618,Daphne mezereum,p,Pn,ws,3.5,15.8,890,1,4,5,7,6,0,am,0
206,920570,Crataegus laevigata,p,Ph,wt,3.5,16.2,674,1,5,5,7,5,0,am,0
27,920569,Crataegus monogyna,p,Ph,wt,3.6,14.7,1073,"1, 3",6,5,7,6,0,am,2
567,9204837,Crataegus sp.,P,Ph,wt,,,,,,,,,,am,0
109,920572,Crepis capillaris,a,Th,h,3.6,14.6,1074,7,7,4,7,4,0,,0
216,920576,Crepis paludosa,p,hc,h,2.7,13.4,1334,"11, 16",6,7,6,4,0,,0
624,9204527,Crepis sp.,p,hc,h,,,,,,,,,,,0
578,920578,Crepis vesicaria,b,hc,h,4.1,15.7,858,"3, 5, 6, 17",8,5,7,7,0,,0
152,920875,Cruciata laevipes,p,hc,h,3.2,15.2,892,6,6,5,7,5,0,,0
383,910586,Cryptogramma crispa,p,hc,h,1.8,12.9,1678,"10, 15, 16",7,5,2,3,0,,0
560,820166,Ctenidium molluscum,p,moss,moss,,,,,,,,,,,0
765,9204842,Cupressus sp.,p,Ph,wt,,,,,,,,,,am,0
604,920592,Cymbalaria muralis,p,Ch,h,3.7,15,990,"3, 16, 17, 19",7,5,7,6,0,,0
298,920596,Cynoglossum officinale,p,hc,h,3.9,15.8,780,"7, 19",8,4,8,6,1,,0
200,920597,Cynosurus cristatus,p,hc,h,3.5,14.5,1103,"5, 6",7,5,6,4,0,,0
325,920684,Empetrum nigrum,p,Ch,ws,2.7,13.2,1381,"10, 12, 15",7,6,2,1,0,er,0
8,920607,Dactylis glomerata,p,hc,h,3.6,14.5,1091,"5, 6",7,5,7,6,0,,0
349,920613,Dactylorhiza purpurella,p,Gn,h,3.1,13.5,1244,11,8,8,7,2,1,,0
157,9204528,Dactylorhiza sp.,p,Gn,h,,,,,,,,,,,0
344,9201915,Danthonia decumbens,p,hc,h,3.5,14.3,1160,"7, 8",7,6,4,2,0,,0
123,920726,Erica cinerea,p,Ch,ws,3.5,14,1226,10,7,5,2,2,0,er,0
364,920731,Erica tetralix,p,Ch,ws,3.4,14,1230,"10, 12",8,8,2,1,0,er,0
25,920627,Deschampsia cespitosa,p,hc,h,3.5,14.4,1099,"1, 6",6,6,5,4,0,,2
18,920628,Deschampsia flexuosa,p,hc,h,3.2,14.1,1177,"8, 10",6,5,2,3,0,,2
496,820184,Dicranella heteromalla,p,moss,moss,,,,,,,,,,,0
654,20000868,Dicranella sp,p,moss,moss,,,,,,,,,,,0
627,820203,Dicranum majus,p,moss,moss,,,,,,,,,,,0
502,820206,Dicranum scoparium,p,moss,moss,,,,,,,,,,,0
633,8201132,Dicranum sp.,p,moss,moss,,,,,,,,,,,0
86,920640,Digitalis purpurea,b,hc,h,3.5,14.5,1120,"8, 9",6,6,4,5,0,,0
506,810747,Diplophyllum albicans,p,moss,moss,,,,,,,,,,,0
752,8101284,Diplophyllum sp.,p,moss,moss,,,,,,,,,,,0
301,920646,Dipsacus fullonum sens.lat.,b,hc,h,3.8,15.6,863,"3, 6, 17",8,7,7,7,0,,0
650,820226,Drepanocladus revolvens,p,moss,moss,,,,,,,,,,,0
363,920657,Drosera rotundifolia,p,hc,h,3.3,13.9,1269,12,8,9,2,1,0,,0
518,910662,Dryopteris affinis,p,hc,h,3.5,14.3,1160,"1, 16",5,6,5,5,0,,0
19,200001583,Dryopteris dilatata/carthusiana,p,hc,h,,,,,,,,,,,0
26,910665,Dryopteris filix-mas,p,hc,h,3.5,14.5,1096,"1, 2",5,6,5,5,0,,2
734,9104634,Dryopteris sp.,p,hc,h,,,,,,,,,,,0
782,920675,Eleocharis palustris,p,Hy,h,3.5,14.5,1098,11,8,10,6,4,1,,0
651,920677,Eleocharis quinqueflora,p,hc,h,3.1,13.5,1323,11,9,9,7,2,0,,0
294,920681,Elodea canadensis,p,Hy,h,3.6,15.1,936,"13, 14",7,12,7,6,0,,0
165,9207006,Elymus caninus,p,hc,h,3.3,14.9,981,"1, 3",7,6,7,8,0,,0
386,92033,Elytrigia repens,p,hc,h,3.6,14.6,1046,"3, 4, 19",7,5,7,7,2,,0
234,920762,Euonymus europaeus,p,Ph,ws,3.9,15.4,904,"1, 3",5,5,8,5,0,am,0
621,920691,Epilobium anagallidifolium,p,hc,h,0.9,11.6,1880,"11, 15",8,8,6,3,0,,0
355,920699,Epilobium brunnescens,p,hc,h,3,13.6,1357,"14, 15, 16",7,8,4,3,0,,0
514,920688,Epilobium ciliatum,p,hc,h,3.7,15,972,"3, 4, 17",7,6,6,6,0,,0
114,920692,Epilobium hirsutum,p,hc,h,3.8,15,971,"11, 14",7,8,7,7,0,,0
62,920695,Epilobium montanum,p,hc,h,3.5,14.5,1091,"3, 16, 17",6,6,6,6,0,,0
582,920696,Epilobium obscurum,p,hc,h,3.5,14.5,1104,"11, 14",6,8,5,5,0,,0
246,920697,Epilobium palustre,p,hc,h,3.4,14.3,1146,"11, 14",7,8,5,3,0,,0
413,920698,Epilobium parviflorum,p,hc,h,3.8,14.9,996,11,7,9,7,5,0,,0
523,9204530,Epilobium sp.,p,hc,h,,,,,,,,,,,0
655,200001439,Epilobium tetragon/obscurum,p,hc,h,,,,,,,,,,,0
465,9207292,Epilobium tetragonum,p,hc,h,3.9,15.9,834,"3, 17",6,7,5,5,0,,0
314,920702,Epipactis atrorubens,p,Gn,h,3,13.8,1328,16,7,4,8,1,0,,0
76,920705,Epipactis helleborine,p,Gn,h,3.6,15.3,946,"1, 7",4,5,7,4,0,,0
213,910712,Equisetum arvense,p,Gn,h,3.5,14.5,1087,"3, 4",7,6,6,6,0,,0
432,910713,Equisetum fluviatile,p,Gn,h,3.5,14.4,1116,11,8,10,6,4,0,,0
647,910717,Equisetum palustre,p,Gn,h,3.4,14.5,1091,11,7,8,6,3,0,,0
642,9104635,Equisetum sp.,p,Gn,h,,,,,,,,,,,0
375,910720,Equisetum sylvaticum,p,Gn,h,2.9,13.7,1269,"1, 16",5,8,5,5,0,,0
292,910721,Equisetum telmateia,p,Gn,h,3.8,15.2,950,11,6,8,7,6,0,,0
737,920839,Frangula alnus,p,Ph,ws,3.8,15.8,881,1,6,8,5,5,0,am,0
417,920893,Genista tinctoria,p,Ch,ws,3.6,15.6,880,6,8,6,7,2,0,am,0
369,920740,Eriophorum angustifolium,p,hc,h,3.4,14.1,1194,12,8,9,4,1,0,,0
395,920744,Eriophorum vaginatum,p,hc,h,3.1,13.6,1307,12,8,8,2,1,0,,0
52,920952,Hedera helix,p,Ph,ws,3.6,14.6,1086,"1, 3",4,5,7,6,0,am,2
128,920763,Eupatorium cannabinum,p,hc,h,3.9,15.2,974,11,7,8,6,7,0,,0
348,20000158,Euphorbia agg.,,,h,,,,,,,,,,,0
176,920764,Euphorbia amygdaloides,p,Ch,h,4.1,16.1,827,1,4,5,6,6,0,,0
162,920777,Euphorbia peplus,a,Th,h,3.8,15.1,950,"4, 17",7,4,7,6,0,,0
548,9202243,Euphrasia officinalis agg.,a,Th,h,3.5,14.4,1131,"6, 7, 8, 10",8,5,5,3,0,,0
481,8201146,Eurhynchium sp.,p,moss,moss,,,,,,,,,,,0
61,920810,Fagus sylvatica,p,Ph,wt,3.5,14.7,1061,1,3,5,5,5,0,em,2
774,9201528,Fallopia japonica,p,Gn,h,3.7,14.8,1043,"3, 14, 17",6,7,6,6,0,,0
384,920812,Festuca altissima,p,hc,h,2.6,13.6,1410,"1, 16",3,5,4,5,0,,0
351,920813,Festuca arundinacea,p,hc,h,3.6,14.9,980,"6, 7",8,6,7,6,1,,0
0,920816,Festuca gigantea,p,hc,h,3.6,15.1,981,1,5,6,7,7,0,,0
130,920821,Festuca ovina agg.,p,hc,h,3.5,14.4,1118,"7, 8",7,5,4,2,0,,0
666,9204916,Festuca ovina/rubra (vegetative),p,hc,h,,,,,,,,,,,0
149,920824,Festuca rubra agg.,p,hc,h,3.5,14.5,1104,"3, 5, 6, 21",8,5,6,5,2,,0
700,200001182,Festuca sp.,p,hc,h,,,,,,,,,,,0
382,920826,Festuca vivipara,p,hc,h,2.7,12.7,1592,"15, 16",8,6,3,2,0,,0
163,920833,Filipendula ulmaria,p,hc,h,3.5,14.5,1105,11,7,8,6,5,0,,0
440,920834,Filipendula vulgaris,p,hc,h,3.6,15.8,776,7,7,4,8,2,0,,0
551,820262,Fissidens cristatus,p,moss,moss,,,,,,,,,,,0
509,8201147,Fissidens sp.,p,moss,moss,,,,,,,,,,,0
635,200001619,Fragaria sp.,p,hc,h,,,,,,,,,,,0
51,920838,Fragaria vesca,p,hc,h,3.5,14.6,1091,"1, 7",6,5,6,4,0,,0
317,920955,Helianthemum nummularium,p,Ch,sw,3,14.8,924,7,7,4,7,2,0,am,0
35,920841,Fraxinus excelsior (c),p,Ph,wt,3.6,14.7,1069,1,5,6,7,6,0,am,2
788,920854,Fumaria officinalis,a,Th,h,3.6,15,912,"3, 4",6,5,7,6,0,,0
760,9204931,Galeopsis sp.,a,Th,h,,,,,,,,,,,0
433,920867,Galeopsis speciosa,a,Th,h,3.1,14.5,1043,4,7,5,7,7,0,,0
41,920868,Galeopsis tetrahit agg.,a,Th,h,3.5,14.5,1073,"3, 4",7,5,6,6,0,,0
17,920873,Galium aparine,a,Th,h,3.6,14.6,1080,"3, 4, 17",6,6,7,8,0,,0
357,920879,Galium mollugo,p,hc,h,3.5,15.3,905,7,7,4,7,4,0,,0
38,920183,Galium odoratum,p,hc,h,3.4,14.7,1086,1,3,5,7,6,0,,0
47,920882,Galium palustre,p,hc,h,3.5,14.5,1105,11,7,9,5,4,0,,0
5,920878,Galium saxatile,p,hc,h,3.5,14.3,1148,"8, 9",6,6,3,3,0,,0
198,920883,Galium sp ,p,hc,h,,,,,,,,,,,0
701,9204533,Galium sp.,p,hc,h,,,,,,,,,,,0
546,920887,Galium uliginosum,p,hc,h,3.2,14.9,961,11,7,9,6,4,0,,0
350,920888,Galium verum,p,hc,h,3.5,14.6,1045,7,7,4,6,2,0,,0
659,9101217,Huperzia selago,p,Ch,sw,2.7,13.2,1472,"15, 16",7,6,2,2,0,am,0
409,920906,Geranium columbinum,a,Th,h,4,15.6,921,"3, 7",7,4,7,7,0,,0
280,920907,Geranium dissectum,a,Th,h,3.7,14.8,1011,"3, 4",7,5,7,6,0,,0
684,920911,Geranium molle,a,Th,h,3.7,14.8,1026,"3, 4",7,5,6,5,0,,0
178,920914,Geranium pratense,p,hc,h,3,14.9,922,6,7,6,7,7,0,,0
81,920918,Geranium robertianum,b,hc,h,3.5,14.6,1092,"1, 16",5,6,6,6,0,,2
552,920920,Geranium sanguineum,p,hc,h,3.7,14.6,996,"7, 16",7,4,7,3,0,,0
526,9204535,Geranium sp.,p,hc,h,,,,,,,,,,,0
332,920921,Geranium sylvaticum,p,hc,h,1.8,13,1339,"6, 16",6,5,6,5,0,,0
125,920924,Geum rivale,p,hc,h,2.9,14,1196,"1, 16",6,7,6,4,0,,0
217,920923,Geum rivale x urbanum (G. x intermedium),p,hc,h,,,,,,,,,,,0
22,920925,Geum urbanum,p,hc,h,3.6,14.7,1044,1,4,6,7,7,0,,0
49,920931,Glechoma hederacea,p,hc,h,3.6,14.9,1001,"1, 3",6,6,7,7,0,,2
327,920933,Glyceria fluitans,p,Hy,h,3.5,14.5,1098,"11, 14",7,10,6,6,0,,0
442,920934,Glyceria maxima,p,Hy,h,3.6,15.5,823,11,7,10,7,8,0,,0
696,920936,Glyceria notata,p,Hy,h,3.6,15.2,902,"11, 14",7,10,6,7,0,,0
540,9204943,Glyceria seedling/sp,p,Hy,h,,,,,,,,,,,0
464,920941,Gnaphalium uliginosum,a,Th,h,3.6,14.6,1074,"11, 13",7,6,6,5,0,,0
453,920943,Goodyera repens,p,hc,h,2.2,13.2,1030,2,5,5,3,2,0,,0
370,920948,Gymnadenia conopsea,p,Gn,h,3.2,14.2,1187,"7, 11",7,6,7,3,0,,0
333,9102050,Gymnocarpium dryopteris,p,Gn,h,2.2,13.1,1445,"1, 16",4,5,4,4,0,,0
619,9102054,Gymnocarpium robertianum,p,Gn,h,2.7,14.6,1168,16,7,3,8,4,0,,0
286,9201003,Hypericum androsaemum,p,Pn,ws,4,14.8,1184,"1, 3",5,6,6,5,0,am,0
744,9201004,Hypericum calycinum,p,Ch,ws,4,15.6,884,3,5,7,5,5,0,am,0
710,920962,Helictotrichon pubescens,p,hc,h,3.5,14.6,1038,"6, 7",7,4,7,3,0,,0
725,200004000,Helleborus sp.,p,,h,,,,,,,,,,,0
115,920968,Heracleum sphondylium,b,hc,h,3.6,14.5,1088,"3, 6",7,5,7,7,0,,0
93,9202560,Hieracium 'indeterminate',p,,h,,,,,,,,,,,0
65,920983,Holcus lanatus,p,hc,h,3.5,14.4,1106,"5, 6",7,6,6,5,0,,2
11,920984,Holcus mollis,p,hc,h,3.4,14.5,1101,"1, 3, 9",6,6,3,3,0,,2
609,820126,Homalothecium lutescens,,moss,moss,,,,,,,,,,,0
683,820335,Hookeria lucens,,moss,moss,,,,,,,,,,,0
222,920989,Hordelymus europaeus,p,hc,h,3.2,15.5,788,1,6,4,7,7,0,,0
422,9204368,Hordeum distichon sens.lat.,a,Th,h,3.8,15.4,898,"3, 4",8,4,7,7,0,,0
579,200001626,Hordeum sp.,,,h,,,,,,,,,,,0
711,920996,Humulus lupulus,p,hc,h,3.8,15.8,833,3,6,7,7,8,0,,0
373,9201080,Juniperus communis,p,Ph,ws,2.8,13.4,1380,"7, 10, 15, 16",8,5,5,3,0,am,2
50,920687,Hyacinthoides non-scripta,p,Gb,h,3.6,14.6,1092,"1, 9",5,5,5,6,0,,2
189,9201144,Ligustrum vulgare,p,Pn,ws,3.7,15.7,865,"1, 3",6,5,7,5,0,am,0
450,920999,Hydrocotyle vulgaris,p,hc,h,3.7,14.4,1126,11,8,8,6,3,1,,0
620,820346,Hylocomium splendens,,moss,moss,,,,,,,,,,,0
378,9101001,Hymenophyllum wilsonii,p,hc,h,3.1,13.1,1685,"1, 16",5,5,3,3,0,,0
2,9201188,Lonicera periclymenum,p,Ph,ws,3.6,14.5,1102,1,5,6,5,5,0,am,0
270,9201228,Mahonia aquifolium,p,Pn,ws,3.4,15.6,786,"1, 3",5,4,6,5,0,am,0
143,9201010,Hypericum hirsutum,p,hc,h,3.3,15.3,832,"6, 7",6,5,7,5,0,,0
36,9201011,Hypericum humifusum,p,Ch,h,3.6,14.8,1085,3,7,6,4,3,0,,0
625,9201006,Hypericum maculatum,p,hc,h,3.6,15,1016,"1, 3, 16",6,6,5,5,0,,0
601,9201013,Hypericum montanum,p,hc,h,3.8,15.6,867,"1, 3",7,4,8,2,0,,0
80,9201014,Hypericum perforatum,p,hc,h,3.6,15.1,951,7,7,4,7,5,0,,0
121,9201015,Hypericum pulchrum,p,hc,h,3.5,14.3,1148,"10, 16",6,5,4,3,0,,0
598,9204536,Hypericum sp.,p,hc,h,,,,,,,,,,,0
443,9201016,Hypericum tetrapterum,p,hc,h,3.7,14.9,1025,11,7,8,6,4,0,,0
483,820351,Hypnum cupressiforme sens.lat.,,,moss,,,,,,,,,,,0
632,820352,Hypnum hamulosum,,,moss,,,,,,,,,,,0
631,8201167,Hypnum sp.,,,moss,,,,,,,,,,,0
638,9201020,Hypochaeris radicata,p,hc,h,3.5,14.5,1104,6,8,4,5,3,0,,0
74,200001584,Hypochoeris spp.,p,hc,h,,,,,,,,,,,0
37,9201023,Ilex aquifolium,p,Ph,wt,3.6,14.7,1079,1,5,5,5,5,0,am,2
214,9201026,Impatiens glandulifera,a,Th,h,3.7,15.1,957,14,6,8,7,7,0,,0
205,9201027,Impatiens noli-tangere,a,Th,h,2.6,13.9,1833,1,4,7,7,6,0,,0
756,9201028,Impatiens parviflora,a,Th,h,3.5,15.7,821,1,4,5,7,8,0,,0
755,200001629,Impatiens sp.,a,Th,h,,,,,,,,,,,0
412,9201030,Inula conyzae,p,hc,h,3.9,15.9,821,"7, 16",7,3,8,3,0,,0
290,9201036,Iris foetidissima,p,hc,h,4.2,16.1,821,1,5,4,8,5,0,,0
295,9201038,Iris pseudacorus,p,Gn,h,3.7,14.6,1081,11,7,9,6,6,1,,0
485,820357,Isopterygium elegans,,,moss,,,,,,,,,,,0
501,820362,Isothecium myosuroides,,,moss,,,,,,,,,,,0
736,820363,Isothecium myurum,,,moss,,,,,,,,,,,0
354,9201048,Jasione montana,b,hc,h,4,14.8,1152,"8, 10",7,4,4,2,0,,0
329,20000228,Juncus articulatus/acutiflora,,,h,,,,,,,,,,,0
137,9201057,Juncus bufonius sens.lat.,a,Th,h,3.5,14.5,1105,"3, 11, 13, 14",7,7,6,5,1,,0
541,200001478,Juncus bufonius/bulbosus,,,h,,,,,,,,,,,0
251,9201058,Juncus bulbosus,p,hc,h,3.5,14.2,1180,14,7,10,4,2,0,,0
204,9201063,Juncus conglomeratus,p,hc,h,3.5,14.4,1117,11,7,7,4,3,0,,0
44,9201067,Juncus effusus,p,hc,h,3.5,14.4,1108,"8, 11",7,7,4,4,0,,0
419,9201070,Juncus inflexus,p,hc,h,3.8,15.2,925,"6, 11",7,7,7,5,1,,0
343,9201075,Juncus squarrosus,p,hc,h,3.1,13.8,1254,"8, 12",7,7,2,2,0,,0
474,9201230,Malus sylvestris,p,Ph,ws,3.7,15,975,"1, 3",7,5,6,6,0,am,2
407,9201084,Knautia arvensis,p,hc,h,3.8,15.2,919,"6, 7",7,3,8,4,0,,0
201,9201087,Koeleria macrantha,p,hc,h,3.7,14.7,989,7,8,4,7,2,0,,0
12,920862,Lamiastrum galeobdolon,p,Ch,h,3.7,15.8,855,1,4,5,7,6,0,,0
224,9201098,Lamium album,p,hc,h,3.6,15.2,911,"3, 17",7,5,7,8,0,,0
110,9201104,Lapsana communis,a,Th,h,3.6,14.7,1059,"3, 17",6,4,7,7,0,,0
250,9204442,Larix sp.,,,wt,,,,,,,,,,am,0
535,9201107,Lathraea squamaria,p,Gn,h,3.3,15,955,"1, 3",3,6,7,6,0,,0
243,9201112,Lathyrus linifolius,p,Gn,h,3.3,14.2,1172,"8, 16",6,5,4,3,0,,0
269,9201116,Lathyrus pratensis,p,hc,h,3.6,14.5,1079,6,7,6,6,5,0,,0
522,9204537,Lathyrus seedling/sp,,,h,,,,,,,,,,,0
226,9201117,Lathyrus sylvestris,p,hc,h,4,16,835,3,7,4,8,2,0,,0
296,9201126,Lemna minor,p,Hy,h,3.7,14.9,986,"11, 13",7,11,7,6,0,,0
707,9201129,Leontodon autumnalis,p,hc,h,3.5,14.4,1103,6,8,6,6,4,1,,0
73,9204539,Leontodon sp.,,,h,,,,,,,,,,,0
510,810807,Lepidozia reptans,,,liverwort,,,,,,,,,,,0
727,8101306,Lepidozia sp.,,,liverwort,,,,,,,,,,,0
272,920502,Leucanthemum vulgare,p,hc,h,3.6,14.6,1074,"6, 7",8,4,7,4,0,,0
503,820374,Leucobryum glaucum,,,moss,,,,,,,,,,,0
610,920682,Leymus arenarius,p,hc,h,4,14.3,998,19,9,5,7,6,3,,0
374,9201328,Myrica gale,p,Pn,ws,3.4,13.8,1353,12,8,9,3,2,0,u,0
119,9201687,Rhododendron ponticum,p,Ph,ws,3.5,14.6,1111,"1, 10, 16",5,5,3,3,0,er,1
242,9201164,Linaria vulgaris,p,hc,h,3.6,15.2,935,"3, 6",7,4,8,6,0,,0
379,9201169,Linum catharticum,b,hc,h,3.5,14.4,1113,7,8,5,7,2,0,,0
457,9201172,Listera cordata,p,Gn,h,2.4,12.8,1450,"2, 10, 12",3,6,2,2,0,,0
168,9201173,Listera ovata,p,Gn,h,3.6,14.8,1001,"1, 11",6,5,7,5,0,,0
530,9201174,Lithospermum officinale,p,hc,h,3.9,15.8,820,"1, 3, 7",6,5,8,5,0,,0
401,9201182,Lolium multiflorum,a,Th,h,3.6,14.9,968,5,7,5,7,7,0,,0
159,9201183,Lolium perenne,p,hc,h,3.6,14.5,1096,"3, 5, 6",8,5,6,6,0,,0
59,9201694,Ribes nigrum,p,Pn,ws,3.4,14.9,995,"1, 3, 14",5,9,6,6,0,am,0
60,9201696,Ribes rubrum,p,Pn,ws,3.3,15.1,944,1,5,7,7,6,0,am,0
689,810812,Lophocolea bidentata var.bidentata,,,liverwort,,,,,,,,,,,0
500,810814,Lophocolea heterophylla,,,liverwort,,,,,,,,,,,0
482,8101308,Lophocolea sp.,,,liverwort,,,,,,,,,,,0
233,9201191,Lotus corniculatus,p,hc,h,3.5,14.5,1104,"6, 7",7,4,6,2,1,,0
111,9201194,Lotus pedunculatus,p,hc,h,3.6,14.7,1072,11,7,8,6,4,0,,0
323,9205049,Luzula campestris/multiflora,,,h,,,,,,,,,,,0
597,9201202,Luzula forsteri,p,hc,h,4.2,16.2,859,1,4,4,5,2,0,,0
330,9201203,Luzula luzuloides,,,h,,,,,,,,,,,0
14,9201207,Luzula pilosa,p,hc,h,3.2,14.4,1127,"1, 2",5,5,5,3,0,,0
694,200001141,Luzula sp.,,,h,,,,,,,,,,,0
167,9201209,Luzula sylvatica,p,hc,h,3.3,14.1,1208,"1, 16",5,5,4,4,0,,2
66,9201210,Lychnis flos-cuculi,p,hc,h,3.5,14.5,1095,11,7,9,6,4,0,,0
185,9201219,Lycopus europaeus,p,hc,h,3.8,15.2,995,11,7,8,7,6,0,,0
94,9201221,Lysimachia nemorum,p,Ch,h,3.4,14.4,1150,1,5,7,4,5,0,,0
426,9201222,Lysimachia nummularia,p,hc,h,3.7,15.5,895,"6, 11, 14",5,7,5,5,0,,0
429,9201350,Lysimachia thyrsiflora,p,hc,h,2.7,14.2,1200,"11, 13",8,10,4,3,0,,0
67,9201225,Lysimachia vulgaris,p,hc,h,3.7,15.2,943,11,7,9,7,5,0,,0
469,9201444,Lythrum portula,a,Th,h,3.8,14.8,1084,"11, 13",8,9,5,3,0,,0
698,9201227,Lythrum salicaria,p,hc,h,4,15,1024,11,7,9,7,5,0,,0
236,9201697,Ribes uva-crispa,p,Pn,ws,3.4,14.8,1006,"1, 3",5,5,7,6,0,am,0
15,9201705,Rosa seedling/sp,,,ws,,,,,,,,,,am,0
525,200001638,Malva sp.,,,h,,,,,,,,,,,0
186,9201236,Malva sylvestris,p,hc,h,3.8,15.3,899,"3, 17",8,4,8,7,0,,0
723,8101311,Marchantia spp.,,,liverwort,,,,,,,,,,,0
183,9201242,Matricaria discoidea,a,Th,h,3.6,14.5,1086,"3, 4",7,5,7,7,0,,0
577,200001639,Matricaria sp.,,,h,,,,,,,,,,,0
444,9201246,Meconopsis cambrica,p,hc,h,3.5,14,1321,1,4,5,7,5,0,,0
410,9201250,Medicago lupulina,a,Th,h,3.8,15,963,"7, 17",7,4,8,4,0,,0
622,9201255,Melampyrum cristatum,a,Th,h,3.4,16.3,606,3,6,3,8,2,0,,0
169,9201256,Melampyrum pratense,a,Th,h,3.2,14.3,1220,"1, 2",5,5,2,3,0,,0
600,200001640,Melampyrum sp.,,,h,,,,,,,,,,,0
309,9201262,Melica nutans,p,hc,h,1.9,13,1483,"1, 7, 16",4,5,7,3,0,,0
40,9201263,Melica uniflora,p,hc,h,3.5,15,1015,1,4,5,7,5,0,,0
304,9201267,Melilotus officinalis,b,hc,h,3.7,15.7,790,"3, 17",8,5,7,5,0,,0
258,9201272,Mentha aquatica,p,hc,h,3.7,14.7,1065,11,7,8,7,5,0,,0
677,9201279,Mentha aquatica x spicata (M. x piperita),,,h,,,,,,,,,,,0
225,9201273,Mentha arvensis,p,hc,h,3.6,14.9,1017,"4, 11",6,7,7,6,0,,0
759,9204443,Mentha sp.,,,h,,,,,,,,,,,0
783,9201289,Menyanthes trifoliata,p,Gn,h,3.4,14.1,1201,11,8,10,4,3,0,,0
87,9201291,Mercurialis perennis,p,hc,h,3.2,14.8,1045,1,3,6,7,7,0,,2
171,9201296,Milium effusum,p,hc,h,3.6,15.3,928,1,4,5,6,5,0,,2
182,9204328,Mimulus guttatus,p,hc,h,3.2,14.5,1020,"13, 14",7,9,6,6,0,,0
772,9201298,Mimulus seedling/sp,p,hc,h,3.2,14.3,1106,"13, 14",7,9,6,5,0,,0
493,820382,Mnium hornum,,,moss,,,,,,,,,,,0
180,9201305,Moehringia trinervia,a,Th,h,3.5,15,982,1,4,5,7,6,0,,0
768,9201306,Moenchia erecta,a,Th,h,4.2,16,823,8,9,4,4,3,0,,0
92,9201307,Molinia caerulea,p,hc,h,3.5,14.2,1179,12,7,8,3,2,0,,2
585,9201308,Moneses uniflora,p,hc,h,2,13,985,2,4,5,4,1,0,,0
751,9201312,Montia fontana,a,Th,h,3.4,14.1,1198,11,7,9,5,3,0,,0
193,9201315,Mycelis muralis,p,hc,h,3.3,15.2,944,"1, 16",4,5,7,5,0,,0
494,9201317,Myosotis arvensis,a,Th,h,3.5,14.6,1056,"3, 4",7,5,6,6,0,,0
405,9201322,Myosotis scorpioides,p,hc,h,3.5,14.7,1037,"11, 14",7,9,6,6,0,,0
697,9201323,Myosotis secunda,p,hc,h,3.3,14,1237,11,6,9,5,4,0,,0
153,9204542,Myosotis seedling/sp,,,h,,,,,,,,,,,0
543,9201325,Myosotis sylvatica,p,hc,h,3.4,15.1,931,1,6,5,7,5,0,,0
544,9201707,Rosa arvensis,p,Pn,ws,3.9,15.4,910,3,6,4,7,5,0,am,0
265,9201333,Myrrhis odorata,p,hc,h,3,14.1,1084,"3, 17",7,6,7,7,0,,0
596,9205478,Narcissus pseudonarcissus,p,Gb,h,3.7,15.6,920,3,7,5,6,5,0,,0
256,9201344,Nardus stricta,p,hc,h,3.2,14,1226,8,7,7,3,2,0,,0
365,9201345,Narthecium ossifragum,p,hc,h,3.3,13.8,1296,12,8,9,2,1,0,,0
708,820402,Neckera crispa,,,moss,,,,,,,,,,,0
435,9201358,Nymphaea alba,p,Hy,h,3.6,14.8,1090,13,7,11,6,4,0,,0
397,9201361,Odontites vernus,a,Th,h,3.7,14.7,1047,6,7,5,6,5,0,,0
293,9201363,Oenanthe crocata,p,hc,h,4,14.8,1124,"11, 14",7,9,6,7,1,,0
399,9201379,Onopordum acanthium,p,hc,h,3.7,15.9,733,"3, 17",8,4,6,7,0,,0
275,9101381,Ophioglossum vulgatum sens.lat.,p,Gn,h,3.6,15.1,964,6,8,7,7,3,0,,0
268,9201387,Orchis mascula,p,Gn,h,3.5,14.7,1073,"1, 7, 16",6,5,7,4,0,,0
308,9102051,Oreopteris limbosperma,p,hc,h,2.8,13.7,1323,"1, 16",6,6,4,3,0,,0
318,9201393,Origanum vulgare,p,Ch,h,3.7,15.3,898,"7, 16",6,4,7,4,0,,0
445,200001585,Orobanche sp.,,,h,,,,,,,,,,,0
618,9201410,Orthilia secunda,p,Ch,h,1.4,12.2,1568,"2, 10, 16",5,5,5,3,0,,0
758,9101411,Osmunda regalis,p,hc,h,4.2,14.5,1225,"1, 11",6,9,5,4,0,,0
39,9201413,Oxalis acetosella,p,hc,h,3.4,14.4,1138,"1, 2, 16",4,6,4,4,0,,0
452,9201435,Parietaria judaica,p,hc,h,4.1,15.6,865,"16, 17",7,4,8,5,1,,0
282,9201436,Paris quadrifolia,p,Gn,h,3.2,15.3,877,1,3,6,7,6,0,,0
377,9201437,Parnassia palustris,p,hc,h,3,13.7,1236,11,8,8,7,3,0,,0
769,9201440,Pastinaca sativa,b,hc,h,3.8,16,774,"3, 6, 7",7,4,7,5,0,,0
366,9201441,Pedicularis palustris,b,hc,h,3.3,14,1226,11,8,8,5,2,0,,0
733,200001645,Pedicularis sp.,,,h,,,,,,,,,,,0
367,9201442,Pedicularis sylvatica,p,hc,h,3.4,14.1,1202,"10, 12, 14",8,8,3,2,0,,0
512,8101323,Pellia sp.,,,liverwort,,,,,,,,,,,0
640,5503836,Peltigera canina,,,lichen,,,,,,,,,,,0
703,9201521,Persicaria amphibia,p,Hy,h,3.7,14.9,986,"11, 13",7,10,6,6,0,,0
479,9202246,Persicaria amplexicaulis,,,h,,,,,,,,,,,0
402,9201525,Persicaria bistorta,p,hc,h,3.3,14.8,1021,6,6,7,6,6,0,,0
239,9201530,Persicaria hydropiper,a,Th,h,3.7,14.8,1093,"11, 13, 14",7,7,6,6,0,,0
238,9201537,Persicaria maculosa,a,Th,h,3.6,14.6,1077,"3, 4",7,6,6,7,0,,0
462,9201543,Persicaria vivipara,p,hc,h,1.6,12.2,1588,"7, 15",8,6,6,2,0,,0
718,9201447,Petasites hybridus,p,Gn,h,3.6,14.8,1002,14,6,7,7,7,0,,0
353,200001696,Petasites spp.,,,h,,,,,,,,,,,0
385,9201454,Phalaris arundinacea,p,Hy,h,3.6,14.6,1044,"11, 14",7,9,7,7,1,,0
685,200001647,Phalaris sp.,,,h,,,,,,,,,,,0
322,9102053,Phegopteris connectilis,p,Gn,h,2.4,13.1,1515,"1, 16",4,6,4,4,0,,0
652,8201199,Philonotis sp.,,,moss,,,,,,,,,,,0
166,9202247,Phleum pratense sens.lat.,p,hc,h,3.5,14.7,1047,"3, 5, 6",8,5,7,6,0,,0
192,9101466,Phyllitis scolopendrium,p,hc,h,3.8,14.8,1048,"1, 16",4,5,7,5,0,,0
724,9201470,Picea abies,p,Ph,wt,3.2,14.7,1054,2,7,6,3,4,0,em,0
728,9202401,Picea sitchensis,p,Ph,wt,3.2,14.1,1223,2,7,7,2,2,0,em,2
139,9205155,Picea sp,p,Ph,wt,,,,,,,,,,em,0
387,9201471,Picris echioides,a,Th,h,3.9,15.9,795,"3, 4",7,5,7,6,0,,0
337,920976,Pilosella officinarum,p,hc,h,3.5,14.5,1094,7,8,4,7,2,0,,0
477,9201475,Pimpinella major,p,hc,h,3.6,15.5,819,6,7,5,7,6,0,,0
408,9201476,Pimpinella saxifraga,p,hc,h,3.6,15,968,7,7,4,7,3,0,,0
454,9201480,Pinguicula lusitanica,p,hc,h,3.9,13.7,1475,"10, 11",8,8,4,2,0,,0
394,9201481,Pinguicula vulgaris,p,hc,h,3,13.6,1305,"11, 12",8,8,6,2,0,,0
748,9204546,Pinus sp./seedling,p,Ph,wt,,,,,,,,,,em,0
261,9201484,Pinus sylvestris,p,Ph,wt,0.8,11.7,1930,2,7,6,2,2,0,em,0
626,810872,Plagiochila asplenioides sens.lat.,,,liverwort,,,,,,,,,,,0
563,200001105,Plagiochila sp,,,liverwort,,,,,,,,,,,0
657,810874,Plagiochila spinulosa agg.,,,liverwort,,,,,,,,,,,0
553,820379,Plagiomnium affine,,,moss,,,,,,,,,,,0
571,820383,Plagiomnium rostratum,,,moss,,,,,,,,,,,0
489,820395,Plagiomnium undulatum,,,moss,,,,,,,,,,,0
499,820449,Plagiothecium denticulatum,,,moss,,,,,,,,,,,0
735,20000994,Plagiothecium sp,,,moss,,,,,,,,,,,0
754,8201206,Plagiothecium sp.,,,moss,,,,,,,,,,,0
495,820459,Plagiothecium undulatum,,,moss,,,,,,,,,,,0
104,9201487,Plantago lanceolata,p,hc,h,3.5,14.5,1105,"5, 6, 7",7,5,6,4,0,,0
132,9201488,Plantago major,p,hc,h,3.5,14.5,1102,"3, 5",7,5,6,7,0,,0
173,9201493,Platanthera chlorantha,p,Gn,h,3.4,14.7,1147,"1, 6",5,5,7,4,0,,0
616,820463,Pleurozium schreberi,,,moss,,,,,,,,,,,0
68,9201495,Poa annua,a,Th,h,3.5,14.5,1105,"3, 4, 5, 6",7,5,6,7,1,,0
105,9201504,Poa nemoralis,p,hc,h,3.2,14.8,1015,1,4,5,6,5,0,,0
85,200001593,Poa nemoralis/trivialis,,,h,,,,,,,,,,,2
237,9201506,Poa pratensis sens.lat.,p,hc,h,3.5,14.5,1102,"3, 5, 6, 7",7,5,6,5,1,,0
767,9204547,Poa sp.,,,h,,,,,,,,,,,0
106,9201507,Poa trivialis,p,hc,h,3.6,14.5,1095,"1, 3, 5, 6",7,6,6,6,0,,0
681,820479,Pogonatum aloides,,,moss,,,,,,,,,,,0
515,820489,Pogonatum urnigerum,,,moss,,,,,,,,,,,0
764,8201213,Pohlia sp.,,,moss,,,,,,,,,,,0
359,9201512,Polygala calcarea,p,Ch,h,3.7,16.2,783,7,7,3,8,2,0,,0
320,9201515,Polygala oxyptera,p,Ch,h,3.5,14.4,1114,7,8,5,6,3,0,,0
319,9201514,Polygala serpyllifolia,p,Ch,h,3.4,14.1,1200,"8, 10, 12",8,7,2,2,0,,0
170,9201516,Polygonatum multiflorum,p,Gn,h,3.6,16,829,1,4,5,7,6,0,,0
439,9201518,Polygonatum odoratum,p,Gn,h,3.1,15.1,1091,"1, 16",5,3,7,3,0,,0
161,9201522,Polygonum aviculare agg.,a,Th,h,3.6,14.6,1073,"3, 4, 17",7,5,7,6,0,,0
447,9201531,Polygonum lapathifolium,a,Th,h,3.7,15.1,958,"4, 11",7,6,7,7,0,,0
746,9204549,Polygonum sp.,,,h,,,,,,,,,,,0
675,200001676,Polypodium sp.,,,h,,,,,,,,,,,0
124,9101544,Polypodium vulgare sens.lat.,p,hc,h,3.5,14.4,1133,1,5,5,5,3,0,,0
155,9101546,Polystichum aculeatum,p,hc,h,3.2,14.4,1145,"1, 16",5,5,7,5,0,,0
140,9101548,Polystichum setiferum,p,hc,h,4.1,15,1032,1,4,5,5,6,0,,0
766,9104651,Polystichum sp.,,,moss,,,,,,,,,,,0
628,820485,Polytrichum juniperinum,,,moss,,,,,,,,,,,0
682,820488,Polytrichum piliferum,,,moss,,,,,,,,,,,0
488,8201214,Polytrichum sp.,,,moss,,,,,,,,,,,0
692,9201551,Populus canescens,p,Ph,wt,3.8,15.6,819,"1, 3",6,6,6,5,0,d,0
688,200001651,Populus sp.,p,Ph,wt,,,,,,,,,,d,0
334,9201555,Populus tremula,p,Ph,wt,3.3,14.5,1102,"1, 16",6,5,5,6,0,d,2
311,9201576,Potamogeton polygonifolius,p,Hy,h,3.3,13.9,1254,"11, 12, 13",8,10,4,2,0,,0
731,9204551,Potamogeton sp.,,,h,,,,,,,,,,,0
231,9201584,Potentilla anserina,p,hc,h,3.6,14.6,1083,6,8,7,7,6,2,,0
230,9201588,Potentilla erecta,p,hc,h,3.5,14.4,1118,8,7,7,3,2,0,,0
431,9201592,Potentilla palustris,p,Gn,h,3.4,14,1186,11,8,9,5,3,0,,0
771,9201593,Potentilla recta,,,h,,,,,,,,,,,0
191,9201594,Potentilla reptans,p,hc,h,3.8,15.1,959,6,7,5,7,5,0,,0
53,9201596,Potentilla sterilis,p,hc,h,3.6,14.7,1071,1,5,5,5,5,0,,0
211,9201600,Primula elatior,p,hc,h,3.3,16.3,591,1,4,5,7,6,0,,0
376,9201605,Primula veris,p,hc,h,3.7,15.2,900,"6, 7",7,4,7,3,0,,0
31,9201607,Primula vulgaris,p,hc,h,3.5,14.5,1108,"1, 16",5,5,6,4,0,,0
69,9201610,Prunella vulgaris,p,hc,h,3.5,14.4,1106,"6, 7",7,5,6,4,0,,0
260,9201611,Prunus avium,p,Ph,wt,3.4,14.8,1024,1,4,5,6,6,0,am,0
187,9201615,Prunus laurocerasus,p,Ph,wt,3.8,15.3,953,"1, 17",4,6,5,6,0,u,1
324,9201616,Prunus padus,p,Ph,wt,2.7,13.8,1240,1,5,6,6,7,0,am,2
588,9204552,Prunus sp.,,,wt,,,,,,,,,,am,2
42,9201617,Prunus spinosa,p,Ph,wt,3.7,14.8,1032,3,6,5,7,6,1,am,2
491,820507,Pseudoscleropodium purum,,,moss,,,,,,,,,,,0
299,9205178,Pseudotsuga spp.,,,wt,,,,,,,,,,em,0
1,9101619,Pteridium aquilinum,p,Gn,h,3.5,14.5,1109,"1, 9",6,5,3,3,0,,2
729,820512,Ptilium crista-castrensis,,,moss,,,,,,,,,,,0
284,9201625,Pulicaria dysenterica,p,hc,h,4,15.5,885,"6, 11",7,7,7,4,0,,0
471,9201627,Pulmonaria longifolia,p,hc,h,4.7,16.5,810,"1, 3",6,4,6,5,0,,0
264,9201631,Pyrola minor,p,hc,h,2.6,13.9,1089,"1, 16",5,5,4,2,0,,0
120,9201637,Quercus ilex,p,Ph,wt,4.1,15.9,824,"1, 17, 19",6,3,7,4,1,em,0
24,9204446,Quercus seedling/sp,,,wt,,,,,,,,,,em,0
648,820525,Racomitrium lanuginosum,,,moss,,,,,,,,,,,0
668,8201226,Racomitrium sp.,,,moss,,,,,,,,,,,0
70,9201642,Ranunculus acris,p,hc,h,3.5,14.4,1106,"5, 6",7,6,6,4,0,,0
557,9201645,Ranunculus auricomus,p,hc,h,3.3,15.1,922,1,6,7,6,5,0,,0
508,9201649,Ranunculus ficaria,p,Gn,h,3.6,14.5,1084,"1, 3",6,6,6,6,0,,0
352,9201651,Ranunculus flammula,p,hc,h,3.5,14.4,1122,11,7,9,5,3,0,,0
43,9201660,Ranunculus repens,p,hc,h,3.5,14.5,1105,"3, 5, 6",6,7,6,7,0,,0
594,9204555,Ranunculus seedling/sp,,,h,,,,,,,,,,,0
786,9201672,Reseda lutea,p,hc,h,3.6,15.7,808,3,7,4,7,5,0,,0
437,9201675,Rhamnus cathartica,p,Ph,wt,3.6,15.8,783,"1, 3",7,5,7,6,0,am,2
347,9205193,Rhinanthus sp.,,,h,,,,,,,,,,,0
673,820389,Rhizomnium punctatum,,,moss,,,,,,,,,,,0
542,9201708,Rosa canina agg.,p,Pn,ws,3.7,15.1,993,"1, 3",6,5,7,6,0,am,0
706,9201719,Rosa pimpinellifolia,p,Ch,ws,3.8,14.4,1124,"10, 16, 19",8,3,6,3,0,am,0
519,820532,Rhytidiadelphus loreus,,,moss,,,,,,,,,,,0
490,820533,Rhytidiadelphus squarrosus,,,moss,,,,,,,,,,,0
539,820534,Rhytidiadelphus triquetrus,,,moss,,,,,,,,,,,0
138,9201725,Rubia peregrina,p,hc,ws,5.2,15.7,1031,1,6,4,8,5,0,u,0
572,9201726,Rubus caesius,p,Ch,ws,3.8,15.6,851,3,7,7,7,6,0,am,0
3,9201728,Rubus fruticosus agg.,p,Pn,ws,3.6,14.6,1089,"1, 3",6,6,6,6,0,am,2
77,9201729,Rubus idaeus,p,Pn,ws,3.4,14.5,1095,1,6,5,5,5,0,am,0
240,9201698,Robinia pseudoacacia,p,Ph,wt,3.7,16,748,"3, 17",7,4,6,6,0,am,1
475,9201348,Rorippa nasturtium-aquaticum agg.,p,Hy,h,3.7,14.8,1027,"11, 13, 14",7,10,7,7,0,,0
279,9201760,Ruscus aculeatus,p,Pn,ws,4.3,16.4,782,"1, 3",4,5,4,4,0,am,0
669,9201787,Salix aurita,p,Pn,ws,3.4,14.2,1190,"1, 16",7,8,4,3,0,em,2
513,9201789,Salix cinerea,p,Ph,ws,3.5,14.5,1096,"1, 11",7,8,6,5,0,d,0
653,9201802,Salix repens agg.,p,Pn,ws,3.5,14,1205,"10, 19",8,7,6,3,0,d,0
96,9201815,Sambucus nigra,p,Ph,ws,3.6,14.7,1061,"3, 17",6,5,7,7,0,am,1
615,9201816,Sambucus racemosa,p,Ph,ws,2.3,13.6,1048,"1, 3",6,5,6,7,0,am,0
257,9201822,Cytisus scoparius,p,Pn,ws,3.4,14.6,1085,3,8,5,4,4,0,am,2
82,9201947,Solanum dulcamara,p,Pn,sw,3.8,15.2,945,"3, 11, 14",7,8,7,7,0,am,0
313,9201730,Rubus saxatilis,p,hc,h,2.4,13,1514,"1, 7, 16",7,5,7,4,0,,0
345,9202060,Thymus polytrichus,p,Ch,sw,3.4,14.2,1175,"7, 16",8,4,6,2,0,am,0
135,9201734,Rumex acetosa,p,hc,h,3.5,14.4,1105,"5, 6",7,5,5,4,0,,0
116,9201735,Rumex acetosella,p,hc,h,3.5,14.4,1110,"8, 9, 16",7,5,4,3,0,,0
126,9201741,Rumex conglomeratus,p,hc,h,3.9,15.2,953,"11, 14",8,8,7,7,0,,0
532,9201742,Rumex crispus,p,hc,h,3.6,14.5,1087,"3, 6, 19",8,6,7,6,2,,0
702,9201745,Rumex hydrolapathum,p,hc,h,3.9,15.7,812,11,7,10,7,6,0,,0
56,9201748,Rumex obtusifolius,p,hc,h,3.6,14.5,1100,"3, 5, 17",7,5,7,9,0,,0
492,9201753,Rumex sanguineus,p,hc,h,3.8,15,1003,1,5,7,7,7,0,,0
90,9202136,Vaccinium myrtillus,p,Ch,ws,3.3,13.9,1243,"10, 16",6,6,2,2,0,er,2
404,9202559,Sagina apetala,a,Th,h,3.7,14.9,989,17,9,4,6,3,0,,0
742,9201767,Sagina procumbens,p,hc,h,3.5,14.4,1106,"6, 16, 17",7,6,6,5,1,,0
133,9205207,Sagina sp.,,,h,,,,,,,,,,,0
649,9202137,Vaccinium uliginosum,p,Ch,ws,1.1,11.7,1897,"12, 15, 16",7,6,2,2,0,er,0
547,9201788,Salix caprea,p,Ph,wt,3.4,14.6,1080,1,7,7,7,7,0,em,2
371,9202138,Vaccinium vitis-idaea,p,Ch,ws,2.2,12.9,1474,"2, 10, 15",6,5,2,2,0,er,1
283,9202184,Viburnum lantana,p,Ph,ws,3.8,16.2,763,"1, 3",7,5,7,5,0,am,2
249,9204558,Salix seedling/sp,,,wt,,,,,,,,,,u,2
23,9202185,Viburnum opulus,p,Ph,ws,3.6,15,1019,1,6,7,6,6,0,am,0
470,9202613,Lonicera nitida,,,ws,,,,,,,,,,am,0
749,9201818,Sanguisorba officinalis,p,hc,h,3.2,15.1,938,6,7,7,6,5,0,,0
54,9201819,Sanicula europaea,p,hc,h,3.5,14.7,1090,1,4,5,7,5,0,,0
459,9201826,Saxifraga aizoides,p,Ch,h,1.7,12.3,1799,"7, 11, 15, 16",8,9,6,2,0,,0
460,9201837,Saxifraga oppositifolia,p,Ch,h,1.8,12.1,1980,"7, 15, 16",8,6,8,2,0,,0
212,9201844,Saxifraga umbrosa,,,h,,,,,,,,,,,0
476,9201846,Scabiosa columbaria,p,hc,h,3.5,15.6,831,7,8,3,8,2,0,,0
658,810927,Scapania gracilis,,,liverwort,,,,,,,,,,,0
687,9201861,Scirpus sylvaticus,p,hc,h,3.4,15.2,921,"1, 11",6,8,6,6,0,,0
71,9201865,Scrophularia auriculata,p,hc,h,3.9,15.4,918,"11, 14",7,8,7,7,0,,0
84,9201867,Scrophularia nodosa,p,hc,h,3.6,14.7,1069,"1, 3",5,6,7,6,0,,0
448,9201870,Scrophularia vernalis,b,hc,h,3.3,15.3,769,"1, 3",5,5,7,7,0,,0
300,9201872,Scutellaria galericulata,p,hc,h,3.6,14.9,1055,11,7,8,6,5,0,,0
424,9201874,Scutellaria minor,p,hc,h,4.1,14.9,1191,11,7,9,4,2,0,,0
738,9205232,Scutellaria sp.,,,h,,,,,,,,,,,0
358,9201875,Sedum acre,p,Ch,h,3.7,14.9,995,16,8,2,7,2,1,,0
455,9201877,Sedum anglicum,p,Ch,h,4.1,14.3,1321,"16, 18",8,3,4,2,1,,0
645,9205234,Sedum sp.,,,h,,,,,,,,,,,0
228,9201885,Sedum telephium,p,hc,h,3.5,15,1032,"1, 3, 16",7,5,7,5,1,,0
253,9201891,Senecio aquaticus,b,hc,h,3.6,14.5,1109,"11, 14",7,8,6,5,0,,0
545,9201896,Senecio erucifolius,p,hc,h,3.8,15.8,783,"3, 6",7,5,7,5,0,,0
127,9201899,Senecio jacobaea,p,hc,h,3.6,14.5,1102,"3, 6, 7, 8",7,4,6,4,0,,0
164,9201905,Senecio vulgaris,a,Th,h,3.6,14.6,1075,"3, 4, 17",7,5,7,7,0,,0
693,920172,Seriphidium maritimum,p,Ch,h,4.3,15.8,783,21,9,7,8,6,5,,0
420,9201906,Serratula tinctoria,p,hc,h,3.8,15.5,965,7,7,6,6,2,0,,0
321,9201908,Sesleria caerulea,p,hc,h,3.1,13.9,1262,"7, 16",7,6,8,2,0,,0
421,9201916,Silaum silaus,p,hc,h,3.6,15.8,743,6,8,5,7,4,0,,0
641,9201917,Silene acaulis,p,Ch,h,1.9,11.8,1937,"7, 15, 16",8,5,6,1,0,,0
28,9201259,Silene dioica,p,hc,h,3.4,14.6,1065,1,5,6,6,7,0,,0
289,9201260,Silene dioica x latifolia (S. x hampeana),,,h,,,,,,,,,,,0
441,9201258,Silene latifolia,p,hc,h,3.6,15.1,911,3,7,4,7,6,0,,0
660,9201930,Silybum marianum,b,hc,h,4,15.8,781,3,8,4,8,6,1,,0
602,20000407,Sinapis arvensis/alba,,,h,,,,,,,,,,,0
297,9201944,Sium latifolium,p,Hy,h,3.7,15.9,702,"11, 14",7,10,7,7,0,,0
705,9204526,Cotoneaster sp.,p,Ph,ws,,,,,,,,,,am,0
57,9201951,Solidago virgaurea,p,hc,h,3.4,14.2,1217,"10, 16",5,5,4,3,0,,0
263,9201952,Sonchus arvensis,p,hc,h,3.8,14.8,1013,4,8,6,7,6,1,,0
388,9201953,Sonchus asper,a,Th,h,3.7,14.6,1070,"3, 4",7,5,7,6,0,,0
97,9201954,Sonchus oleraceus,a,Th,h,3.7,14.8,1031,"3, 4",7,5,7,7,0,,0
534,9204560,Sonchus sp.,,,h,,,,,,,,,,,0
315,9201958,Sorbus aria,p,Ph,wt,3.8,16.3,774,1,6,4,7,4,0,am,0
75,9201960,Sorbus aucuparia,p,Ph,wt,3.4,14.4,1128,"1, 2, 16",6,6,3,4,0,am,0
276,9201977,Sorbus torminalis,p,Ph,wt,3.9,16,804,1,4,5,6,5,0,am,2
427,9201981,Sparganium erectum,p,Hy,h,3.7,14.9,1000,"11, 13",7,10,7,7,0,,0
753,9205262,Spergularia sp.,,,moss,,,,,,,,,,,0
639,820564,Sphagnum capillifolium,,,moss,,,,,,,,,,,0
777,820557,Sphagnum fimbriatum,,,moss,,,,,,,,,,,0
757,820559,Sphagnum girgensohnii,,,moss,,,,,,,,,,,0
617,820566,Sphagnum palustre,,,moss,,,,,,,,,,,0
637,820567,Sphagnum papillosum,,,moss,,,,,,,,,,,0
778,820571,Sphagnum recurvum,,,moss,,,,,,,,,,,0
636,8201243,Sphagnum sp.,,,moss,,,,,,,,,,,0
780,820575,Sphagnum squarrosum,,,moss,,,,,,,,,,,0
190,920237,Stachys officinalis,p,hc,h,3.6,15.4,940,"6, 7",7,5,5,3,0,,0
400,9202003,Stachys palustris,p,Gn,h,3.7,14.6,1079,"11, 14",7,8,7,7,0,,0
72,9202005,Stachys sylvatica,p,hc,h,3.6,14.7,1064,3,6,6,7,8,0,,0
203,9202009,Stellaria graminea,p,hc,h,3.5,14.6,1065,6,7,6,5,4,0,,0
6,9202010,Stellaria holostea,p,Ch,h,3.5,14.7,1058,1,5,5,6,6,0,,0
103,9202012,Stellaria media,a,Th,h,3.6,14.5,1095,"3, 4, 5",7,5,6,7,0,,0
425,9202014,Stellaria nemorum,p,hc,h,2.7,14.2,1027,"1, 14",4,6,6,7,0,,0
672,9202015,Stellaria palustris,p,hc,h,3.6,15.5,793,11,7,8,6,4,0,,0
732,9205266,Stellaria seedling/sp,,,h,,,,,,,,,,,0
247,9202007,Stellaria uliginosa,p,hc,h,3.5,14.4,1128,"11, 14",7,8,5,5,0,,0
287,9202021,Succisa pratensis,p,hc,h,3.5,14.4,1124,6,7,7,5,2,0,,0
599,9205026,Ligustrum sp.,,,ws,,,,,,,,,,am,0
606,9202024,Symphytum officinale,p,hc,h,3.7,15.4,871,11,7,7,7,8,0,,0
473,9205273,Symphytum sp.,,,h,,,,,,,,,,,0
129,9202032,Tamus communis,p,Gn,h,3.8,15.7,850,"1, 3",6,5,7,6,0,,0
108,920503,Tanacetum parthenium,p,Ch,h,3.5,14.9,980,"3, 17",7,4,7,6,0,,0
451,9202033,Tanacetum vulgare,p,hc,h,3.5,15,958,3,7,6,7,7,0,,0
144,9202034,Taraxacum agg.,p,hc,h,3.5,14.5,1104,"3, 5, 17",7,5,7,6,1,,0
505,9203908,Taraxacum pseudolacistophyllum (ery),,,h,,,,,,,,,,,0
623,9205454,Taraxacum sect. vulgaria,,,h,,,,,,,,,,,0
95,9202039,Taxus baccata,p,Ph,wt,3.5,15.1,976,1,4,4,7,5,0,am,0
516,9202045,Teucrium scordium,p,hc,h,4,15.8,740,"11, 13, 14",7,8,8,4,1,,0
98,9202046,Teucrium scorodonia,p,hc,h,3.5,14.5,1150,"1, 9, 16",6,4,4,3,0,,0
722,9202049,Thalictrum minus,p,hc,h,3.4,14,1185,"16, 19",7,4,6,3,0,,0
507,820592,Thamnobryum alopecurum,,,moss,,,,,,,,,,,0
608,820593,Thamnobryum angustifolium,,,moss,,,,,,,,,,,0
486,820599,Thuidium tamariscinum,,,moss,,,,,,,,,,,0
467,9202403,Thuja plicata,p,Ph,wt,3.6,15.4,977,"2, 17",4,5,5,4,0,am,0
583,9205194,Rhododendron spp.,,,ws,,,,,,,,,,er,0
480,9202063,Tilia cordata,p,Ph,wt,3.5,15.5,873,1,5,5,6,5,0,em,0
229,9202069,Torilis japonica,a,Th,h,3.7,14.9,1004,3,7,5,7,7,0,,0
704,820607,Tortella tortuosa,,,moss,,,,,,,,,,,0
504,8201255,Tortula sp.,,,moss,,,,,,,,,,,0
368,9201858,Trichophorum cespitosum,p,hc,h,3.2,13.7,1312,"10, 12",8,8,2,1,0,,0
336,9202076,Trientalis europaea,p,Gn,h,1.8,12.6,1277,"1, 2, 10",5,6,3,3,0,,0
210,9202081,Trifolium dubium,a,Th,h,3.6,14.6,1072,6,7,4,6,5,0,,0
202,9202091,Trifolium pratense,p,hc,h,3.6,14.5,1100,"6, 7",7,5,7,5,0,,0
136,9202092,Trifolium repens,p,hc,h,3.5,14.5,1105,"5, 6",7,5,6,6,0,,0
564,9205298,Trifolium seedling/sp,,,h,,,,,,,,,,,0
396,9202102,Triglochin palustre,p,hc,h,3.4,14.2,1145,11,8,9,6,2,2,,0
761,9201241,Tripleurospermum maritimum sens.lat.,a,Th,h,4.4,14.5,1132,"4, 17, 18, 19",8,5,6,6,1,,0
478,9202105,Trisetum flavescens,p,hc,h,3.6,15.2,900,"6, 7",7,4,7,4,0,,0
277,9204367,Triticum aestivum,a,Th,h,3.8,15.6,861,"3, 4",8,5,7,7,0,,0
581,9205303,Triticum sp.,,,h,,,,,,,,,,,0
390,9202106,Trollius europaeus,p,hc,h,2.2,13,1517,"11, 16",7,7,6,4,0,,0
326,9202109,Tussilago farfara,p,Gn,h,3.5,14.5,1085,16,7,6,6,6,0,,0
629,9205203,Rubus seedling,,,ws,,,,,,,,,,am,0
188,9202119,Ulmus glabra,p,Ph,wt,3.4,14.7,1056,1,4,5,7,6,0,am,0
605,9202115,Ulmus minor (c),p,Ph,wt,3.9,16.1,764,"1, 3",5,5,7,7,0,am,2
151,9202122,Ulmus procera,p,Ph,wt,3.7,15.8,819,3,5,5,8,6,0,am,2
561,9204314,Ulmus sp.,,,wt,,,,,,,,,,am,0
356,9202125,Umbilicus rupestris,p,hc,h,4.3,14.9,1125,"3, 16",6,4,5,4,0,,0
29,9202126,Urtica dioica,p,hc,h,3.6,14.5,1102,"3, 5, 14, 17",6,6,7,8,0,,0
303,200001587,Symphoricarpus sp.,,,ws,,,,,,,,,,am,0
458,9201419,Vaccinium oxycoccos,p,Ch,h,3,14,1229,12,8,9,2,1,0,,0
603,200001596,Ribes sp.,,,ws,,,,,,,,,,am,0
99,200001670,Ulex sp.,,,ws,,,,,,,,,,am,0
174,9202140,Valeriana officinalis,p,hc,h,3.4,14.5,1115,11,6,8,6,5,0,,0
554,200001671,Valeriana sp.,,,h,,,,,,,,,,,0
787,9202157,Verbascum thapsus,b,hc,h,3.7,15.2,918,3,7,4,7,5,0,,0
254,9202161,Veronica agrestis,a,Th,h,3.5,15,963,"3, 4, 17",7,6,6,7,0,,0
607,9202162,Veronica alpina,p,Ch,h,-0.7,10.9,1783,15,8,6,5,2,0,,0
218,9202163,Veronica anagallis-aquatica,a,Hz,h,3.7,15.1,899,"13, 14",7,10,7,7,0,,0
580,9202165,Veronica arvensis,a,Th,h,3.5,14.6,1077,"3, 4, 16",8,4,6,5,0,,0
207,9202166,Veronica beccabunga,p,Hy,h,3.6,14.7,1034,"11, 14",7,10,6,6,0,,0
55,9202168,Veronica chamaedrys,p,Ch,h,3.5,14.5,1095,"1, 3, 6",6,5,6,5,0,,0
565,9202171,Veronica hederifolia,a,Th,h,3.7,15.1,918,"1, 3, 4, 17",6,5,7,6,0,,0
32,9202172,Veronica montana,p,Ch,h,3.6,14.9,1029,1,4,6,6,6,0,,0
88,9202173,Veronica officinalis,p,Ch,h,3.4,14.4,1125,"7, 8",6,5,4,4,0,,0
529,9202175,Veronica persica,a,Th,h,3.7,14.9,993,"3, 4, 17",6,5,7,7,0,,0
380,9202179,Veronica scutellata,p,hc,h,3.4,14.3,1129,"11, 13",8,9,5,3,0,,0
524,9204563,Veronica seedling/sp,,,h,,,,,,,,,,,0
184,9202180,Veronica serpyllifolia,p,hc,h,3.5,14.5,1104,"3, 5, 11",7,5,6,5,0,,0
406,200001690,Hydrangea spp.,,,sw,,,,,,,,,,am,0
468,200001691,Azalea spp.,p,Ph,ws,,,,,,,,,,er,0
179,9202189,Vicia cracca,p,hc,h,3.6,14.5,1083,"3, 11",7,6,7,5,0,,0
305,9202191,Vicia hirsuta,a,Th,h,3.7,15.2,926,"3, 6",7,5,6,6,0,,0
550,9202196,Vicia orobus,p,hc,h,3,13.8,1410,16,7,5,5,4,0,,0
262,9202516,Vicia sativa,a,Th,h,3.7,14.9,991,6,7,4,7,4,0,,0
773,9204564,Vicia seedling/sp,,,h,,,,,,,,,,,0
150,9202198,Vicia sepium,p,hc,h,3.5,14.5,1095,"3, 6",6,5,6,6,0,,0
175,9202199,Vicia sylvatica,p,hc,h,3.1,14.3,1119,"1, 3, 16",7,5,7,5,0,,0
533,9202202,Vicia tetrasperma,a,Th,h,3.9,15.9,804,"3, 4, 6",7,5,7,6,0,,0
790,9202206,Viola arvensis,a,Th,h,3.6,15,940,4,8,4,6,6,0,,0
195,9202210,Viola hirta,p,hc,h,3.7,15.7,795,7,7,4,8,2,0,,0
196,9202214,Viola odorata,p,hc,h,3.8,15.7,833,7,5,5,7,7,0,,0
310,9202215,Viola palustris,p,hc,h,3.3,13.9,1262,"11, 14",7,9,3,2,0,,0
9,200001595,Viola riviniana/reichenbiana,,,h,,,,,,,,,,,0
398,9202220,Viola tricolor,a,Th,h,3.4,14.6,992,"4, 8, 19",8,4,6,4,0,,0
252,9202226,Vulpia bromoides,a,Th,h,3.8,15,1006,3,8,4,5,3,0,,0
362,9202230,Wahlenbergia hederacea,p,hc,h,4.1,14.9,1280,"11, 14",6,8,3,3,0,,0
,,,,,,,,,,,,,,,,
,,,,,,,,,,,,,,,,
,,,,,,,,,,,,,,,,
,,,,,,,,,,,,,,,,
,,,,,,,,,,,,,,,,
,,,,,,,,,,,,,,,,
,,,,,,,,,,,,,,,,
,,,,,,,,,,,,,,,,
,,,,, ,,,,,,,,,,,
